timestamp,numerator,denominator,close,return_vol_1h,return_vol_30m,return_vol_10m,rolling_mean,reversal
2023-12-07 13:31:00+00:00,153.81,133.5,1.152134831460674,9.035215009001578e-05,4.949919723152337e-05,4.949919723152337e-05,1.1510179801137816,0
2023-12-07 13:32:00+00:00,153.78,133.5,1.1519101123595505,9.44048532634392e-05,5.1226542355069276e-05,5.1226542355069276e-05,1.1509796517297997,0
2023-12-07 13:33:00+00:00,153.78,133.5,1.1519101123595505,9.44048532634392e-05,5.1226542355069276e-05,5.1226542355069276e-05,1.150941323345818,0
2023-12-07 13:34:00+00:00,153.78,133.5,1.1519101123595505,9.44048532634392e-05,5.1226542355069276e-05,5.1226542355069276e-05,1.1509637952559302,0
2023-12-07 13:35:00+00:00,153.78,133.5,1.1519101123595505,9.44048532634392e-05,5.1226542355069276e-05,5.1226542355069276e-05,1.150980024968789,0
2023-12-07 13:36:00+00:00,153.78,133.5,1.1519101123595505,9.44048532634392e-05,5.1226542355069276e-05,5.1226542355069276e-05,1.150996254681648,0
2023-12-07 13:37:00+00:00,153.78,133.5,1.1519101123595505,9.44048532634392e-05,5.1226542355069276e-05,5.1226542355069276e-05,1.1510237203495632,0
2023-12-07 13:38:00+00:00,153.78,133.5,1.1519101123595505,9.44048532634392e-05,5.1226542355069276e-05,5.1226542355069276e-05,1.1510511860174781,0
2023-12-07 13:39:00+00:00,153.78,133.5,1.1519101123595505,9.44048532634392e-05,5.1226542355069276e-05,5.1226542355069276e-05,1.1510786516853933,0
2023-12-07 13:40:00+00:00,153.78,133.5,1.1519101123595505,9.44048532634392e-05,5.1226542355069276e-05,5.1226542355069276e-05,1.1510948813982522,0
2023-12-07 13:41:00+00:00,153.78,133.5,1.1519101123595505,9.44048532634392e-05,5.1226542355069276e-05,5.1226542355069276e-05,1.1511111111111112,0
2023-12-07 13:42:00+00:00,153.81,133.5,1.152134831460674,9.722823321992113e-05,6.239176492752565e-05,6.239176492752565e-05,1.15112734082397,0
2023-12-07 13:43:00+00:00,153.81,133.5,1.152134831460674,9.722823321992113e-05,6.239176492752565e-05,6.239176492752565e-05,1.151143570536829,0
2023-12-07 13:44:00+00:00,153.81,133.5,1.152134831460674,9.722823321992113e-05,6.239176492752565e-05,6.239176492752565e-05,1.151159800249688,0
2023-12-07 13:45:00+00:00,153.81,133.5,1.152134831460674,9.722823321992113e-05,6.239176492752565e-05,6.239176492752565e-05,1.1511760299625469,0
2023-12-07 13:46:00+00:00,153.81,133.5,1.152134831460674,9.722823321992113e-05,6.239176492752565e-05,6.239176492752565e-05,1.1511922596754058,0
2023-12-07 13:47:00+00:00,153.69,133.5,1.1512359550561797,0.00014162267788918152,0.00015662765831208155,0.00015662765831208155,1.1512084893882646,0
2023-12-07 13:48:00+00:00,153.69,133.5,1.1512359550561797,0.00014162267788918152,0.00015662765831208155,0.00015662765831208155,1.1512247191011236,0
2023-12-07 13:49:00+00:00,153.69,133.5,1.1512359550561797,0.00014162267788918152,0.00015137292309642936,0.00015137292309642936,1.1512446941323347,0
2023-12-07 13:50:00+00:00,153.69,133.5,1.1512359550561797,0.00014162267788918152,0.00015137292309642936,0.00015137292309642936,1.1512646691635458,0
2023-12-07 13:51:00+00:00,153.85,133.5,1.152434456928839,0.00019485084610298194,0.00024679437808799965,0.00024679437808799965,1.1512846441947566,0
2023-12-07 13:52:00+00:00,153.85,133.5,1.152434456928839,0.00019485084610298194,0.00024679437808799965,0.00024679437808799965,1.1513046192259675,0
2023-12-07 13:53:00+00:00,153.85,133.5,1.152434456928839,0.00019485084610298194,0.00024679437808799965,0.00024679437808799965,1.1513245942571786,0
2023-12-07 13:54:00+00:00,153.85,133.5,1.152434456928839,0.00019485084610298194,0.00024679437808799965,0.00024679437808799965,1.1513445692883897,0
2023-12-07 13:55:00+00:00,153.85,133.5,1.152434456928839,0.00019485084610298194,0.00024679437808799965,0.00024679437808799965,1.1513645443196006,0
2023-12-07 13:56:00+00:00,153.85,133.5,1.152434456928839,0.00019485084610298194,0.00024679437808799965,0.00024679437808799965,1.1513845193508117,0
2023-12-07 13:57:00+00:00,153.85,133.5,1.152434456928839,0.00019485084610298194,0.00024679437808799965,0.00024679437808799965,1.1514044943820223,1
2023-12-07 13:58:00+00:00,153.85,133.5,1.152434456928839,0.00019485084610298194,0.00024679437808799965,0.00024679437808799965,1.1514244694132334,1
2023-12-07 13:59:00+00:00,153.85,133.5,1.152434456928839,0.00019485084610298194,0.00024679437808799965,0.00024679437808799965,1.1514444444444445,1
2023-12-07 14:00:00+00:00,153.85,133.5,1.152434456928839,0.00019485084610298194,0.00024679437808799965,0.00024679437808799965,1.1514644194756554,1
2023-12-07 14:01:00+00:00,153.85,133.5,1.152434456928839,0.00017648402479690628,0.00024679437808799965,0.00024679437808799965,1.1514843945068665,1
2023-12-07 14:02:00+00:00,153.9327,133.5,1.1530539325842697,0.0001877221695879759,0.000261730799164532,0.000261730799164532,1.1515006242197252,1
2023-12-07 14:03:00+00:00,153.9327,133.5,1.1530539325842697,0.0001877221695879759,0.000261730799164532,0.000261730799164532,1.1515168539325844,1
2023-12-07 14:04:00+00:00,153.85,133.5,1.152434456928839,0.00020087748906909636,0.0002816934509548544,0.0002816934509548544,1.1515330836454432,1
2023-12-07 14:05:00+00:00,153.85,133.5,1.152434456928839,0.00020087748906909636,0.0002816934509548544,0.0002816934509548544,1.1515493133583021,1
2023-12-07 14:06:00+00:00,153.85,133.5,1.152434456928839,0.00020087748906909636,0.0002816934509548544,0.0002816934509548544,1.151565543071161,1
2023-12-07 14:07:00+00:00,153.94,133.5,1.1531086142322098,0.00021425318774894657,0.0003002408584477355,0.0003002408584477355,1.1515817727840199,1
2023-12-07 14:08:00+00:00,153.94,133.5,1.1531086142322098,0.00021425318774894657,0.0003002408584477355,0.0003002408584477355,1.151598002496879,1
2023-12-07 14:09:00+00:00,153.94,133.5,1.1531086142322098,0.00021425318774894657,0.0003002408584477355,0.0003002408584477355,1.1516142322097378,1
2023-12-07 14:10:00+00:00,153.94,133.5,1.1531086142322098,0.00021425318774894657,0.0003002408584477355,0.0003002408584477355,1.1516304619225968,1
2023-12-07 14:11:00+00:00,153.94,133.5,1.1531086142322098,0.00021425318774894657,0.0003002408584477355,0.0003002408584477355,1.1516466916354557,1
2023-12-07 14:12:00+00:00,154.11,133.5,1.1543820224719101,0.0002560866622383392,0.0003574333195132089,0.0003574333195132089,1.1516666666666666,1
2023-12-07 14:13:00+00:00,154.11,133.5,1.1543820224719101,0.0002560866622383392,0.0003574333195132089,0.0003574333195132089,1.1516866416978777,1
2023-12-07 14:14:00+00:00,154.11,133.5,1.1543820224719101,0.0002560866622383392,0.0003574333195132089,0.0003574333195132089,1.1517066167290888,1
2023-12-07 14:15:00+00:00,154.11,133.5,1.1543820224719101,0.0002560866622383392,0.0003574333195132089,0.0003574333195132089,1.1517265917602997,1
2023-12-07 14:16:00+00:00,154.09,133.5,1.1542322097378277,0.00025694045602078785,0.00035902908827559676,0.00035902908827559676,1.1517465667915106,1
2023-12-07 14:17:00+00:00,154.09,133.5,1.1542322097378277,0.00025694045602078785,0.0003224090702399894,0.0003224090702399894,1.1517515605493134,1
2023-12-07 14:18:00+00:00,154.09,133.5,1.1542322097378277,0.00025694045602078785,0.0003224090702399894,0.0003224090702399894,1.151756554307116,1
2023-12-07 14:19:00+00:00,154.09,133.5,1.1542322097378277,0.0002560952522895434,0.0003224090702399894,0.0003224090702399894,1.1517615480649188,1
2023-12-07 14:20:00+00:00,154.09,133.5,1.1542322097378277,0.0002560952522895434,0.0003224090702399894,0.0003224090702399894,1.1517665418227214,1
2023-12-07 14:21:00+00:00,154.1188,133.5,1.1544479400749064,0.00025685547312287037,0.00026841801526951187,0.00026841801526951187,1.1517915106117356,1
2023-12-07 14:22:00+00:00,154.1188,133.5,1.1544479400749064,0.00025685547312287037,0.00026841801526951187,0.00026841801526951187,1.151816479400749,1
2023-12-07 14:23:00+00:00,154.05,134.07,1.1490266278809578,0.0006624536583087331,0.0009088411074085199,0.0009088411074085199,1.1518414481897628,1
2023-12-07 14:24:00+00:00,153.9,134.07,1.147907809353323,0.0006731773669215423,0.0009224934215704485,0.0009224934215704485,1.1518664169787767,1
2023-12-07 14:25:00+00:00,153.85,134.07,1.1475348698441112,0.0006739842501279118,0.0009228122929974934,0.0009228122929974934,1.1518913857677902,1
2023-12-07 14:26:00+00:00,153.85,134.36,1.1450580529919618,0.0007259727190657152,0.000992870708703057,0.000992870708703057,1.151916354556804,1
2023-12-07 14:27:00+00:00,153.76,133.65,1.150467639356528,0.0009567762803535432,0.0013413914526875738,0.0013413914526875738,1.1519413233458176,1
2023-12-07 14:28:00+00:00,153.76,134.44,1.143707229991074,0.0012190995974797475,0.0017110264329213264,0.0017110264329213264,1.1519662921348313,1
2023-12-07 14:29:00+00:00,154.3,134.6,1.1463595839524519,0.0012591269883278115,0.001774028690192853,0.001774028690192853,1.1519912609238454,1
2023-12-07 14:30:00+00:00,153.915,134.945,1.1405757901367224,0.0014126114039850386,0.001983666489974229,0.001983666489974229,1.1520162297128589,1
2023-12-07 14:31:00+00:00,153.705,135.1893,1.1369612831784766,0.0014645486657157264,0.0020481126448876584,0.0020481126448876584,1.152028714107366,1
2023-12-07 14:32:00+00:00,153.3,135.29,1.133121442826521,0.0015201978507211346,0.0021069935365274827,0.0021069935365274827,1.1520477777777778,1
2023-12-07 14:33:00+00:00,153.5,135.3,1.1345158906134516,0.0015321968036573928,0.00213050191893129,0.00213050191893129,1.1520668414481898,1
2023-12-07 14:34:00+00:00,153.405,134.77,1.138272612599243,0.0015995948730663787,0.0022434188744234456,0.0022434188744234456,1.1520755805243443,1
2023-12-07 14:35:00+00:00,153.61,135.39,1.1345741930718667,0.0016470980697445379,0.0023006599387867025,0.0023006599387867025,1.1520843196004995,1
2023-12-07 14:36:00+00:00,153.56,134.945,1.137945088739857,0.0016986373781428241,0.0023860856207270353,0.0023860856207270353,1.1520930586766542,1
2023-12-07 14:37:00+00:00,153.745,134.64,1.1418969102792633,0.0017635569428809464,0.0024842129848969773,0.0024842129848969773,1.152113033707865,1
2023-12-07 14:38:00+00:00,154.02,134.675,1.1436421013551141,0.0017766602215713151,0.0025066274634730555,0.0025066274634730555,1.152133008739076,1
2023-12-07 14:39:00+00:00,153.98,134.77,1.1425391407583287,0.0017799296533147423,0.002509205778211364,0.002509205778211364,1.1521529837702869,1
2023-12-07 14:40:00+00:00,154.005,135.22,1.1389217571365182,0.0018222995235478133,0.0025620119355682317,0.0025620119355682317,1.152172958801498,1
2023-12-07 14:41:00+00:00,153.8929,135.0975,1.1391247062306853,0.001822755166256885,0.002563200083010241,0.002563200083010241,1.1521929338327088,1
2023-12-07 14:42:00+00:00,153.88,135.02,1.1396830099244555,0.001824193545669386,0.0025531747896753044,0.0025531747896753044,1.1522341323345817,1
2023-12-07 14:43:00+00:00,153.91,135.14,1.1388929998520054,0.0018252325190251503,0.0025523425292864822,0.0025523425292864822,1.1522753308364544,1
2023-12-07 14:44:00+00:00,153.96,135.1,1.1396002960769802,0.0018280927168006066,0.0025586041092884484,0.0025586041092884484,1.152316529338327,1
2023-12-07 14:45:00+00:00,153.83,135.09,1.1387223332593086,0.0018295073945151065,0.0025580437765832234,0.0025580437765832234,1.1523577278401997,1
2023-12-07 14:46:00+00:00,153.82,134.97,1.139660665333037,0.001834071720928263,0.002568094319275847,0.002568094319275847,1.1523964294631708,1
2023-12-07 14:47:00+00:00,153.9,135.1658,1.1386016285184568,0.001834999612344035,0.0025684552253753155,0.0025684552253753155,1.1524351310861423,1
2023-12-07 14:48:00+00:00,153.7745,135.165,1.1376798727481225,0.0018366124163912967,0.0025678040452396245,0.0025678040452396245,1.1524738327091135,1
2023-12-07 14:49:00+00:00,153.86,135.135,1.1385651385651387,0.0018407606463348388,0.002576715256802515,0.002576715256802515,1.1525087890137327,1
2023-12-07 14:50:00+00:00,153.7,135.23,1.1365821193522148,0.001851530889042249,0.002585779565082418,0.002585779565082418,1.1525437453183518,1
2023-12-07 14:51:00+00:00,153.72,135.435,1.1350094141100897,0.001850183600393713,0.0025870764915837635,0.0025870764915837635,1.1525822971285893,1
2023-12-07 14:52:00+00:00,153.77,135.54,1.134499040873543,0.001850055378655895,0.0025850060526998704,0.0025850060526998704,1.1526208489388265,1
2023-12-07 14:53:00+00:00,153.57,135.525,1.1331488655229662,0.0018536001782685912,0.0024690479469534274,0.0024690479469534274,1.1525690455458313,1
2023-12-07 14:54:00+00:00,153.5173,135.56,1.1324675420478016,0.0018536885918661117,0.002467315616063632,0.002467315616063632,1.1524985951773752,1
2023-12-07 14:55:00+00:00,153.68,135.46,1.13450465081943,0.0018728981349307127,0.002501213344716998,0.002501213344716998,1.1524219291504325,1
2023-12-07 14:56:00+00:00,153.6866,135.34,1.1355593320526083,0.0018789176460486876,0.0024889106123015033,0.0024889106123015033,1.1523039828426207,1
2023-12-07 14:57:00+00:00,153.68,135.17,1.1369386698231858,0.001888113504094735,0.002322779573251428,0.002322779573251428,1.1522761963075516,1
2023-12-07 14:58:00+00:00,153.6,135.2582,1.1356058264859359,0.0018918198625376406,0.0020865317988181887,0.0020865317988181887,1.1521357362830582,1
2023-12-07 14:59:00+00:00,153.58,134.891,1.1385489024471611,0.001926734751465417,0.0020985937639687274,0.0020985937639687274,1.1520394821579212,1
2023-12-07 15:00:00+00:00,153.5,134.995,1.1370791510796696,0.0019316626031937898,0.0019042125859518866,0.0019042125859518866,1.1518468314691888,1
2023-12-07 15:01:00+00:00,153.45,135.07,1.13607758939809,0.001933295498269761,0.001821080622157692,0.001821080622157692,1.151593938997819,1
2023-12-07 15:02:00+00:00,153.495,134.69,1.139616898062217,0.001978892160500797,0.0017944724870566757,0.0017944724870566757,1.1512807945056018,1
2023-12-07 15:03:00+00:00,153.495,134.46,1.141566265060241,0.0019939898704041557,0.0018061511086573676,0.0018061511086573676,1.1509908908098332,1
2023-12-07 15:04:00+00:00,153.34,134.54,1.1397353946781628,0.0020021032059103594,0.0017365368957435597,0.0017365368957435597,1.1507635991471616,1
2023-12-07 15:05:00+00:00,153.58,134.6045,1.14097225575668,0.002008672697959426,0.0016301259177101829,0.0016301259177101829,1.1504746671590333,1
2023-12-07 15:06:00+00:00,153.5503,134.54,1.1412984985877805,0.0020094088804561315,0.0015435048439011406,0.0015435048439011406,1.150241916765372,1
2023-12-07 15:07:00+00:00,153.5108,134.65,1.1400727812848124,0.0020103998111682475,0.0014190385035037693,0.0014190385035037693,1.1500750300640339,1
2023-12-07 15:08:00+00:00,153.5633,134.38,1.1427541300788808,0.002036871606050017,0.0014581010647934693,0.0014581010647934693,1.1499372298806265,1
2023-12-07 15:09:00+00:00,153.27,134.23,1.1418460850778516,0.002038473746009126,0.0014546533076461525,0.0014546533076461525,1.1497810470206062,1
2023-12-07 15:10:00+00:00,153.24,134.25,1.1414525139664806,0.0020384965011943667,0.0013300525490725478,0.0013300525490725478,1.1495645744335554,1
2023-12-07 15:11:00+00:00,153.3681,134.2,1.1428323397913562,0.0020461370906402552,0.0013460286067501854,0.0013460286067501854,1.1493514843314079,1
2023-12-07 15:12:00+00:00,153.1675,134.417,1.139495004352128,0.0020702410563541696,0.001452544317073548,0.001452544317073548,1.1491439539724708,1
2023-12-07 15:13:00+00:00,153.21,134.46,1.1394466755912538,0.0020701739185467354,0.0014467522883930557,0.0014467522883930557,1.148923256778993,1
2023-12-07 15:14:00+00:00,153.265,134.54,1.1391779396462018,0.0020699828428879744,0.0014428734768907993,0.0014428734768907993,1.1487143478559314,1
2023-12-07 15:15:00+00:00,153.33,134.64,1.1388146167557935,0.0020698208502453993,0.0014370260187279965,0.0014370260187279965,1.148490806219242,1
2023-12-07 15:16:00+00:00,153.2885,134.48,1.1398609458655562,0.0020750512650585737,0.001438994241438648,0.001438994241438648,1.148282903450448,1
2023-12-07 15:17:00+00:00,153.2794,134.68,1.138100683100683,0.0020820098673296743,0.001457058141459968,0.001457058141459968,1.148072331341486,1
2023-12-07 15:18:00+00:00,153.37,134.685,1.1387311133385307,0.002084284829976956,0.001452634190028554,0.001452634190028554,1.147846396636352,1
2023-12-07 15:19:00+00:00,153.45,134.76,1.1386910062333035,0.0020842258664322947,0.001445798613185838,0.001445798613185838,1.1476352163615011,1
2023-12-07 15:20:00+00:00,153.5103,134.88,1.138125,0.002084309217962091,0.00141140637454991,0.00141140637454991,1.147390985766435,1
2023-12-07 15:21:00+00:00,153.5792,135.04,1.13728672985782,0.0020845725163975283,0.00139363148524039,0.00139363148524039,1.1471005683861224,1
2023-12-07 15:22:00+00:00,153.61,135.025,1.1376411775597113,0.002085587605513967,0.0013908134580175632,0.0013908134580175632,1.146801644785201,1
2023-12-07 15:23:00+00:00,153.5037,135.23,1.1351305183761002,0.002019193394305337,0.0014348552519829038,0.0014348552519829038,1.1464802182617695,1
2023-12-07 15:24:00+00:00,153.52,135.195,1.1355449535855617,0.0020179040311935027,0.0014303560390100754,0.0014303560390100754,1.1461474363470856,1
2023-12-07 15:25:00+00:00,153.61,135.275,1.1355387174274627,0.0020179324732848996,0.0013935491062697196,0.0013935491062697196,1.1458486062452624,1
2023-12-07 15:26:00+00:00,153.66,135.2982,1.1357135571648402,0.00200138804949742,0.0013834661996102984,0.0013834661996102984,1.1455673541639917,1
2023-12-07 15:27:00+00:00,153.56,135.1616,1.1361215019650552,0.0018984616157525286,0.0013663934164878239,0.0013663934164878239,1.1453090910455643,1
2023-12-07 15:28:00+00:00,153.52,135.215,1.1353769921976113,0.0017479059875612315,0.0013546084512776947,0.0013546084512776947,1.145028613871516,1
2023-12-07 15:29:00+00:00,153.48,135.175,1.1354170519696687,0.001718503010625573,0.001262878305362499,0.001262878305362499,1.1447971879634877,1
2023-12-07 15:30:00+00:00,153.47,135.092,1.136040624167234,0.0015962800237762972,0.001247181354260283,0.001247181354260283,1.1445412661993353,1
2023-12-07 15:31:00+00:00,153.49,134.97,1.1372156775579758,0.0015492965341857097,0.0012511225141509253,0.0012511225141509253,1.1442686517404892,1
2023-12-07 15:32:00+00:00,153.485,134.98,1.1370943843532377,0.0014844607878161482,0.0011075544882437718,0.0011075544882437718,1.1440447011651216,1
2023-12-07 15:33:00+00:00,153.5,134.8566,1.1382461073466186,0.0014818126264051594,0.0010756729756051635,0.0010756729756051635,1.1438532400397212,1
2023-12-07 15:34:00+00:00,153.48,134.775,1.1387868670005563,0.0014201560195036406,0.0010416469198722951,0.0010416469198722951,1.14364158900221,1
2023-12-07 15:35:00+00:00,153.445,134.85,1.1378939562476826,0.0013586401507844372,0.0010286356687030345,0.0010286356687030345,1.1434505523160072,1
2023-12-07 15:36:00+00:00,153.4,134.88,1.1373072360616845,0.0013050761162873808,0.0010289565990272164,0.0010289565990272164,1.1432649530103232,1
2023-12-07 15:37:00+00:00,153.36,134.92,1.1366735843462794,0.0012240613287478822,0.0010166217406915358,0.0010166217406915358,1.1430476891278665,1
2023-12-07 15:38:00+00:00,153.35,134.905,1.1367258441125236,0.001205964024853575,0.0009060857774008426,0.0009060857774008426,1.1428751143919775,1
2023-12-07 15:39:00+00:00,153.26,134.94,1.1357640432784941,0.001204623244579664,0.0009073464300748806,0.0009073464300748806,1.1426874055727383,1
2023-12-07 15:40:00+00:00,153.35,134.715,1.1383290650632816,0.00117364701126794,0.0010095315859911904,0.0010095315859911904,1.142493137234976,0
2023-12-07 15:41:00+00:00,153.32,134.76,1.1377263282873256,0.0011752989709133306,0.0009818701998620403,0.0009818701998620403,1.142321865994295,0
2023-12-07 15:42:00+00:00,153.26,134.71,1.137703214312226,0.0011733913091855621,0.0008307303086974952,0.0008307303086974952,1.142073749025632,0
2023-12-07 15:43:00+00:00,153.28,134.63,1.1385278169798707,0.0011740524883214816,0.0008427614298349235,0.0008427614298349235,1.1418248265776212,0
2023-12-07 15:44:00+00:00,153.21,134.58,1.1384306732055283,0.0011712099890027908,0.0008419200310073858,0.0008419200310073858,1.1415714251971927,0
2023-12-07 15:45:00+00:00,153.24,134.52,1.1391614629794826,0.0011699917795309884,0.0008484672177874119,0.0008484672177874119,1.1413119684352575,0
2023-12-07 15:46:00+00:00,153.29,134.655,1.1383907021647914,0.001168270631537632,0.0008395253162982478,0.0008395253162982478,1.1410724473707199,0
2023-12-07 15:47:00+00:00,153.43,134.72,1.1388806413301664,0.0011634702964005458,0.0007939055495279708,0.0007939055495279708,1.140803588593434,0
2023-12-07 15:48:00+00:00,153.46,134.86,1.1379208067625686,0.0011638724133203888,0.0008026112644312436,0.0008026112644312436,1.140545236986779,0
2023-12-07 15:49:00+00:00,153.4617,134.85,1.1380177975528365,0.001159492342725474,0.0008028514389737955,0.0008028514389737955,1.1402862169283703,0
2023-12-07 15:50:00+00:00,153.4032,134.79,1.1380903627865568,0.001136928352578558,0.0007978594129189975,0.0007978594129189975,1.14001776343274,0
2023-12-07 15:51:00+00:00,153.33,134.895,1.1366618481040809,0.0011343516286453478,0.0008196743566945433,0.0008196743566945433,1.139731743262455,0
2023-12-07 15:52:00+00:00,153.24,134.88,1.1361209964412813,0.0011345421295996295,0.0008213609222735319,0.0008213609222735319,1.1394516305538682,1
2023-12-07 15:53:00+00:00,153.21,134.9999,1.1348897295479479,0.0011326938613588806,0.0007410574880211387,0.0007410574880211387,1.1392200287287872,1
2023-12-07 15:54:00+00:00,153.15,135.125,1.133395004625347,0.001143136205074269,0.0007748184399035667,0.0007748184399035667,1.1390139811326578,1
2023-12-07 15:55:00+00:00,153.15,135.1,1.1336047372316804,0.0011191707467492797,0.0007760849796343324,0.0007760849796343324,1.1388140452590472,1
2023-12-07 15:56:00+00:00,153.2499,135.15,1.1339245283018866,0.0011130358331793806,0.0007776343744301632,0.0007776343744301632,1.1386583036619284,1
2023-12-07 15:57:00+00:00,153.14,135.19,1.13277609290628,0.0011081779626112183,0.0007927982145876686,0.0007927982145876686,1.1384192013720706,1
2023-12-07 15:58:00+00:00,153.27,135.175,1.1338635102644719,0.0011061078399778846,0.0008083405577536586,0.0008083405577536586,1.138280364075513,1
2023-12-07 15:59:00+00:00,153.29,135.155,1.13417927564648,0.0010523677628012232,0.0008103815768229814,0.0008103815768229814,1.1380979885424665,1
2023-12-07 16:00:00+00:00,153.4,135.28,1.1339444115907746,0.001040174493803479,0.0008032801761765862,0.0008032801761765862,1.138022402442975,1
2023-12-07 16:01:00+00:00,153.32,135.085,1.134989080949032,0.0010416617754865484,0.0007982116377512418,0.0007982116377512418,1.1380266423493,1
2023-12-07 16:02:00+00:00,153.338,135.16,1.1344924533885765,0.0009583200749693577,0.000801087994387568,0.000801087994387568,1.1380928580414118,1
2023-12-07 16:03:00+00:00,153.39,135.31,1.133619096888626,0.0009331741346374633,0.0007834532910601552,0.0007834532910601552,1.1381550283202981,1
2023-12-07 16:04:00+00:00,153.47,135.28,1.1344618568894145,0.000918834753293713,0.0007921480046522801,0.0007921480046522801,1.1381635992269865,1
2023-12-07 16:05:00+00:00,153.48,135.38,1.1336977396956713,0.0009091361203627391,0.0007892356457281419,0.0007892356457281419,1.1382189286132502,1
2023-12-07 16:06:00+00:00,153.44,135.33,1.1338210300746323,0.0009081280392451895,0.0007867493331743721,0.0007867493331743721,1.1382082977352808,1
2023-12-07 16:07:00+00:00,153.37,135.21,1.134309592485763,0.000901788350833835,0.0007877203564794172,0.0007877203564794172,1.1381212423030644,1
2023-12-07 16:08:00+00:00,153.36,135.24,1.1339840283939664,0.0008434320096088786,0.0007883887832025233,0.0007883887832025233,1.1380059713490212,1
2023-12-07 16:09:00+00:00,153.38,135.33,1.133377669400724,0.0008406133783851449,0.0007799618073821964,0.0007799618073821964,1.1378930530576907,1
2023-12-07 16:10:00+00:00,153.345,135.25,1.1337892791127542,0.0008424248520274282,0.0006509670306998652,0.0006509670306998652,1.13788317485647,1
2023-12-07 16:11:00+00:00,153.315,135.2249,1.1337778767076183,0.0008245423563454705,0.0006469527463780279,0.0006469527463780279,1.137859868557414,1
2023-12-07 16:12:00+00:00,153.32,135.08,1.1350310926858156,0.0007546565526524445,0.0006842425226228969,0.0006842425226228969,1.1378268719638769,1
2023-12-07 16:13:00+00:00,153.37,135.06,1.1355693765733748,0.0007578610925068701,0.0006755782281673618,0.0006755782281673618,1.1378207855826747,1
2023-12-07 16:14:00+00:00,153.29,135.04,1.1351451421800949,0.0007586217225326058,0.0006776078047116301,0.0006776078047116301,1.1378012918681504,1
2023-12-07 16:15:00+00:00,153.17,134.965,1.1348868225095394,0.0007581823139075225,0.000663397556452635,0.000663397556452635,1.13780861069682,1
2023-12-07 16:16:00+00:00,153.13,134.97,1.134548418167,0.000747835084176693,0.0006561070790997176,0.0006561070790997176,1.137787444644016,1
2023-12-07 16:17:00+00:00,153.05,134.895,1.1345861596056193,0.0007227043284897777,0.0006487416545435168,0.0006487416545435168,1.1377920948575444,1
2023-12-07 16:18:00+00:00,153.12,135.02,1.1340542141904904,0.0007202449832594113,0.0006379923679809485,0.0006379923679809485,1.1377961104244518,1
2023-12-07 16:19:00+00:00,153.05,135.09,1.1329484047671923,0.0007296714961752506,0.0006557408577790495,0.0006557408577790495,1.1377869880742466,1
2023-12-07 16:20:00+00:00,153.07,135.14,1.1326772236199498,0.0007279552718333106,0.0006546903049208768,0.0006546903049208768,1.137812125464819,1
2023-12-07 16:21:00+00:00,153.03,135.2094,1.1318000079876105,0.0007285515026777297,0.0006324322063289402,0.0006324322063289402,1.1378396660313856,1
2023-12-07 16:22:00+00:00,153.1,135.26,1.1318941298240426,0.0007270633924514894,0.0006305100964015348,0.0006305100964015348,1.1378666986241812,1
2023-12-07 16:23:00+00:00,153.11,135.2,1.1324704142011837,0.0006753730644743258,0.0006137522133869344,0.0006137522133869344,1.1378957130245977,1
2023-12-07 16:24:00+00:00,153.17,135.2,1.132914201183432,0.0006756533128645175,0.0005719932988860388,0.0005719932988860388,1.1379111707342235,1
2023-12-07 16:25:00+00:00,153.16,135.275,1.1322121604139714,0.000679785737532883,0.0005811337215378768,0.0005811337215378768,1.1378961721744276,1
2023-12-07 16:26:00+00:00,153.27,135.38,1.1321465504505837,0.0006792653727997834,0.0005779256538203773,0.0005779256538203773,1.137868925445249,1
2023-12-07 16:27:00+00:00,153.26,135.415,1.131780083447181,0.000677975217463281,0.0005515182711172683,0.0005515182711172683,1.1377995491633004,1
2023-12-07 16:28:00+00:00,153.23,135.38,1.1318510858324715,0.0006736769321084177,0.0005194237845911954,0.0005194237845911954,1.1377705105596092,1
2023-12-07 16:29:00+00:00,153.18,135.3299,1.1319006368880786,0.0006736963981722509,0.0005159197641404293,0.0005159197641404293,1.1376976834462649,1
2023-12-07 16:30:00+00:00,153.19,135.275,1.1324339308815377,0.0006725913269888733,0.0005243565457734302,0.0005243565457734302,1.1376454377881162,1
2023-12-07 16:31:00+00:00,153.16,135.205,1.1327983432565363,0.0006592289858918051,0.0004970002281359652,0.0004970002281359652,1.1376272959806322,1
2023-12-07 16:32:00+00:00,153.17,135.24,1.132579118603963,0.0006594181680104075,0.0004926580848400511,0.0004926580848400511,1.1375418885694049,1
2023-12-07 16:33:00+00:00,153.245,135.245,1.1330917963695515,0.0006477448556561296,0.00048203541749542735,0.00048203541749542735,1.1374094357665443,1
2023-12-07 16:34:00+00:00,153.231,135.21,1.1332815620146437,0.0006445230995348188,0.00046181660443691256,0.00046181660443691256,1.1373215434700654,1
2023-12-07 16:35:00+00:00,153.28,135.3,1.132889874353289,0.0006388720502616385,0.0004498985301276274,0.0004498985301276274,1.1372003015357153,1
2023-12-07 16:36:00+00:00,153.3154,135.18,1.1341574197366475,0.0006543493610862714,0.0004956245809027668,0.0004956245809027668,1.1370756770604962,1
2023-12-07 16:37:00+00:00,153.31,135.27,1.1333629038219857,0.0006565059773332233,0.0005054432956560404,0.0005054432956560404,1.1369796239138452,1
2023-12-07 16:38:00+00:00,153.26,135.31,1.1326583401079002,0.0006605248655292065,0.0005149662932986946,0.0005149662932986946,1.1368334555524302,1
2023-12-07 16:39:00+00:00,153.21,135.33,1.132121480824651,0.0006547355230823665,0.0005130656202791636,0.0005130656202791636,1.1366923152911446,1
2023-12-07 16:40:00+00:00,153.12,135.39,1.1309550188344784,0.0005926411423072465,0.0005380728883760169,0.0005380728883760169,1.1365645947102494,1
2023-12-07 16:41:00+00:00,153.165,135.28,1.1322072738024838,0.0006103233366029933,0.0005803258962465773,0.0005803258962465773,1.1364136869921866,1
2023-12-07 16:42:00+00:00,153.16,135.355,1.131542979572236,0.0006137418891758151,0.0005457600602942467,0.0005457600602942467,1.136339288464415,1
2023-12-07 16:43:00+00:00,153.23,135.44,1.1313496751329002,0.00060440197217184,0.0005348541122308325,0.0005348541122308325,1.136274666814117,1
2023-12-07 16:44:00+00:00,153.26,135.5,1.131070110701107,0.0006046724922165747,0.0005333147517309033,0.0005333147517309033,1.136207453523015,1
2023-12-07 16:45:00+00:00,153.23,135.55,1.1304315750645517,0.0005993508544793114,0.0005391805839154642,0.0005391805839154642,1.1361419902855776,1
2023-12-07 16:46:00+00:00,153.29,135.51,1.1312080289277544,0.0006040289115917647,0.0005583008933689944,0.0005583008933689944,1.1360534481572684,0
2023-12-07 16:47:00+00:00,153.2832,135.47,1.1314918432125194,0.0006017712339338765,0.0005614719537578215,0.0005614719537578215,1.1359948727656841,0
2023-12-07 16:48:00+00:00,153.24,135.49,1.1310059783009816,0.0005955537653834657,0.0005606018669843995,0.0005606018669843995,1.1359169244465501,0
2023-12-07 16:49:00+00:00,153.22,135.495,1.1308166353001956,0.0005951047455597064,0.0005354375351357903,0.0005354375351357903,1.135821214422115,0
2023-12-07 16:50:00+00:00,153.2,135.47,1.1308776850963311,0.0005950589150503534,0.000534777126356329,0.000534777126356329,1.135730418149114,0
2023-12-07 16:51:00+00:00,153.2,135.49,1.1307107535611483,0.000575661550540754,0.0005175799773103896,0.0005175799773103896,1.1356389727846106,0
2023-12-07 16:52:00+00:00,153.17,135.5,1.1304059040590404,0.0005739156700808367,0.0005188798845135249,0.0005188798845135249,1.1355431886556826,0
2023-12-07 16:53:00+00:00,153.23,135.575,1.1302231237322515,0.000558835583176954,0.0005085855573234315,0.0005085855573234315,1.1354988535861008,0
2023-12-07 16:54:00+00:00,153.2403,135.57,1.1303407833591503,0.000534612138432459,0.0005023254364165169,0.0005023254364165169,1.135455007712732,0
2023-12-07 16:55:00+00:00,153.28,135.585,1.1305085370800605,0.0005343659854455126,0.0004931324891342362,0.0004931324891342362,1.1353995650958404,0
2023-12-07 16:56:00+00:00,153.33,135.565,1.13104414856342,0.0005369241877217611,0.0005023100737515768,0.0005023100737515768,1.1353401149839362,0
2023-12-07 16:57:00+00:00,153.34,135.59,1.1309093590972785,0.0005217248024403386,0.0004996002155096825,0.0004996002155096825,1.135267758008638,0
2023-12-07 16:58:00+00:00,153.36,135.63,1.1307232913072331,0.0005056053145547249,0.0004999385374311134,0.0004999385374311134,1.1352089929025524,0
2023-12-07 16:59:00+00:00,153.3591,135.645,1.1305916178259428,0.000503875898757003,0.0004999446861997924,0.0004999446861997924,1.1351503859845262,0
2023-12-07 17:00:00+00:00,153.35,135.74,1.1297333136879326,0.0005117230337829111,0.0005071107192768182,0.0005071107192768182,1.1350902744297644,0
2023-12-07 17:01:00+00:00,153.3187,135.64,1.1303354467708642,0.0005014307895090682,0.0005142881167638395,0.0005142881167638395,1.1350166521914071,0
2023-12-07 17:02:00+00:00,153.3064,135.57,1.1308283543556834,0.0005032090573184687,0.0005219645033419338,0.0005219645033419338,1.1349413977622524,0
2023-12-07 17:03:00+00:00,153.26,135.5401,1.1307354797583888,0.0004943779197825063,0.0005132135093510381,0.0005132135093510381,1.1348554925793015,0
2023-12-07 17:04:00+00:00,153.3011,135.675,1.129914133038511,0.0004911881061119257,0.000524811540499287,0.000524811540499287,1.134763737496203,0
2023-12-07 17:05:00+00:00,153.27,135.61,1.1302263844849199,0.00048658781918943517,0.0005270158934828948,0.0005270158934828948,1.1346803361312963,0
2023-12-07 17:06:00+00:00,153.25,135.685,1.1294542506540886,0.0004928809812139656,0.00048703786187789214,0.00048703786187789214,1.1346278391925457,0
2023-12-07 17:07:00+00:00,153.26,135.66,1.129736104968303,0.000490342982524484,0.00048006374849572593,0.00048006374849572593,1.1345726611838074,0
2023-12-07 17:08:00+00:00,153.29,135.6,1.130457227138643,0.000497807410819919,0.0004885012696132131,0.0004885012696132131,1.134504869450397,0
2023-12-07 17:09:00+00:00,153.3,135.575,1.1307394431126685,0.000495202725152108,0.0004854522421132473,0.0004854522421132473,1.1344441600761663,0
2023-12-07 17:10:00+00:00,153.28,135.515,1.1310924989853524,0.0004945453004996045,0.00045178173878517925,0.00045178173878517925,1.1343212593056864,0
2023-12-07 17:11:00+00:00,153.27,135.5288,1.130903542272934,0.000494801785941534,0.00040161054932479236,0.00040161054932479236,1.1342292750642722,0
2023-12-07 17:12:00+00:00,153.225,135.505,1.1307700822847866,0.00047136439616594266,0.00038844188795362,0.00038844188795362,1.1341266044852722,0
2023-12-07 17:13:00+00:00,153.1699,135.465,1.1306972280662904,0.0004660666658234483,0.0003875274026559425,0.0003875274026559425,1.134006968787823,0
2023-12-07 17:14:00+00:00,153.185,135.3809,1.1315111659030188,0.00047534187351516195,0.00040760678143434033,0.00040760678143434033,1.1338842927460826,0
2023-12-07 17:15:00+00:00,153.235,135.4,1.1317208271787298,0.0004757649495212211,0.0003937192579664591,0.0003937192579664591,1.133738794614167,0
2023-12-07 17:16:00+00:00,153.21,135.41,1.131452625360018,0.00047528147716455443,0.00037699823804211203,0.00037699823804211203,1.1336190833935498,0
2023-12-07 17:17:00+00:00,153.255,135.5,1.1310332103321032,0.0004770058092987378,0.00038021450630321585,0.00038021450630321585,1.1334959367582556,0
2023-12-07 17:18:00+00:00,153.32,135.53,1.1312624511178335,0.0004749369369116214,0.0003738292477527188,0.0003738292477527188,1.1333806896172294,0
2023-12-07 17:19:00+00:00,153.335,135.575,1.1309976028028768,0.00045962227118337765,0.0003751024878049023,0.0003751024878049023,1.133260670246352,0
2023-12-07 17:20:00+00:00,153.35,135.645,1.1305245309447454,0.0004615889127150546,0.00038282365024995947,0.00038282365024995947,1.1331404589515148,0
2023-12-07 17:21:00+00:00,153.335,135.56,1.1311227500737682,0.00045668427908916016,0.00039422579954924317,0.00039422579954924317,1.133041274042466,0
2023-12-07 17:22:00+00:00,153.28,135.52,1.1310507674144037,0.00045657062351497495,0.00039092811400272053,0.00039092811400272053,1.1329460225027617,0
2023-12-07 17:23:00+00:00,153.27,135.44,1.1316450088600118,0.0004568900164317583,0.0003999933673631995,0.0003999933673631995,1.132868245739167,0
2023-12-07 17:24:00+00:00,153.22,135.46,1.131108814410158,0.00045758663670470475,0.0004106727083944437,0.0004106727083944437,1.132817342051397,0
2023-12-07 17:25:00+00:00,153.19,135.415,1.1312631540080493,0.00045134220328568546,0.0004105522758403873,0.0004105522758403873,1.1327657387155368,0
2023-12-07 17:26:00+00:00,153.24,135.53,1.1306721759020144,0.000456069099307861,0.0004130576326155146,0.0004130576326155146,1.1327177323865623,0
2023-12-07 17:27:00+00:00,153.23,135.55,1.1304315750645517,0.0004550477099414834,0.000414255930768899,0.000414255930768899,1.1326866201564123,0
2023-12-07 17:28:00+00:00,153.19,135.56,1.130053113012688,0.00045671705455807045,0.0004175426474092802,0.0004175426474092802,1.1326342831737917,0
2023-12-07 17:29:00+00:00,153.205,135.575,1.1300387239535314,0.00045662815109023315,0.0004171429391513302,0.0004171429391513302,1.1325744888767828,0
2023-12-07 17:30:00+00:00,153.17,135.57,1.1298222320572398,0.00045236133495400776,0.000394544112981777,0.000394544112981777,1.1325043039117353,0
2023-12-07 17:31:00+00:00,153.11,135.575,1.1293380047943944,0.0004526076053313102,0.0003889981708535951,0.0003889981708535951,1.132426743342099,0
2023-12-07 17:32:00+00:00,153.11,135.53,1.1297129786763078,0.0004548801585752825,0.00038515039147597296,0.00038515039147597296,1.1323656750248843,0
2023-12-07 17:33:00+00:00,153.1,135.5098,1.129807585872018,0.00045055141280160273,0.00038560848403596583,0.00038560848403596583,1.1323176147393803,0
2023-12-07 17:34:00+00:00,153.09,135.56,1.129315432280909,0.00045238000955508687,0.00037080060808284716,0.00037080060808284716,1.132241819341865,0
2023-12-07 17:35:00+00:00,153.08,135.545,1.1293666310081525,0.0004509852375320933,0.00036686345994264147,0.00036686345994264147,1.132183963421686,0
2023-12-07 17:36:00+00:00,153.0861,135.54,1.1294532979194334,0.00042442034183640733,0.0003454856675546209,0.0003454856675546209,1.132111183764677,0
2023-12-07 17:37:00+00:00,153.05,135.59,1.1287705583007597,0.0004221738894540535,0.0003591329362760916,0.0003591329362760916,1.1320349589727194,0
2023-12-07 17:38:00+00:00,152.93,135.5,1.1286346863468635,0.0004159370384681202,0.0003365662806662113,0.0003365662806662113,1.131976178951797,0
2023-12-07 17:39:00+00:00,152.89,135.455,1.1287143331733784,0.00041266178164641224,0.00033256438995120634,0.00033256438995120634,1.1319322085136632,0
2023-12-07 17:40:00+00:00,152.86,135.35,1.1293683043960105,0.0003999888594367216,0.00034616615772823734,0.00034616615772823734,1.1318872621782063,0
2023-12-07 17:41:00+00:00,152.815,135.35,1.1290358330254895,0.0003728499483522973,0.0003484141383174516,0.0003484141383174516,1.131839356604295,0
2023-12-07 17:42:00+00:00,152.8673,135.34,1.1295056893749076,0.00037070289109916434,0.00035858561894395877,0.00035858561894395877,1.1317683397642777,0
2023-12-07 17:43:00+00:00,152.84,135.33,1.12938742333555,0.00037037514745776794,0.0003587663186248056,0.0003587663186248056,1.1316871372891597,0
2023-12-07 17:44:00+00:00,152.86,135.32,1.1296186816435119,0.0003704563550183,0.0003325886638132585,0.0003325886638132585,1.131626571017875,0
2023-12-07 17:45:00+00:00,152.88,135.3857,1.1292182261494381,0.00036620430761448544,0.0003336986757886927,0.0003336986757886927,1.1315738044290282,0
2023-12-07 17:46:00+00:00,152.9001,135.45,1.1288305647840533,0.00035662907082392655,0.0003360483977244399,0.0003360483977244399,1.1315222078822451,0
2023-12-07 17:47:00+00:00,152.9093,135.4702,1.1287301561524232,0.0003547049781378977,0.00033147161774889063,0.00033147161774889063,1.13146299206102,0
2023-12-07 17:48:00+00:00,153.01,135.44,1.129725339633786,0.00037038887247030605,0.0003713647168731143,0.0003713647168731143,1.1314164626764756,0
2023-12-07 17:49:00+00:00,153.0928,135.5,1.1298361623616238,0.0003701694449883825,0.0003704909489783221,0.0003704909489783221,1.1313839493104036,0
2023-12-07 17:50:00+00:00,153.09,135.46,1.1301491215118853,0.0003719827875824052,0.0003673685246425397,0.0003673685246425397,1.1313480710991501,0
2023-12-07 17:51:00+00:00,153.09,135.42,1.130482941958352,0.00037361141892241893,0.00035787245852293573,0.00035787245852293573,1.1313367834672527,0
2023-12-07 17:52:00+00:00,153.1531,135.4,1.131115952732644,0.00037890083145965497,0.00037296951522801565,0.00037296951522801565,1.1313227274270925,0
2023-12-07 17:53:00+00:00,153.125,135.34,1.1314097827693217,0.0003795599163167899,0.0003631392354191846,0.0003631392354191846,1.131308970671406,0
2023-12-07 17:54:00+00:00,153.15,135.31,1.131845392062671,0.000382367639486363,0.00035888580985489216,0.00035888580985489216,1.1312788808918515,0
2023-12-07 17:55:00+00:00,153.1,135.36,1.1310579196217492,0.00039302828773154255,0.0003811844439706591,0.0003811844439706591,1.1312630641184194,0
2023-12-07 17:56:00+00:00,153.0808,135.32,1.1312503694945317,0.00038886436235685404,0.000369626156899062,0.000369626156899062,1.1312384912092768,0
2023-12-07 17:57:00+00:00,153.08,135.365,1.1308683928637389,0.0003910457520919118,0.0003729919048090019,0.0003729919048090019,1.1312160160695661,0
2023-12-07 17:58:00+00:00,153.125,135.41,1.1308249021490289,0.0003904879064444782,0.00036734640626442445,0.00036734640626442445,1.1311860498559032,0
2023-12-07 17:59:00+00:00,153.1175,135.44,1.1305190490253987,0.00039178101175601273,0.0003712002875761095,0.0003712002875761095,1.1311550179736607,0
2023-12-07 18:00:00+00:00,153.14,135.485,1.1303096283721443,0.0003797788449625559,0.00037108092870053594,0.00037108092870053594,1.1311114896599224,0
2023-12-07 18:01:00+00:00,153.18,135.6,1.1296460176991152,0.00038109108041193895,0.00037865814188746324,0.00037865814188746324,1.13105381735222,0
2023-12-07 18:02:00+00:00,153.12,135.53,1.1297867630782852,0.0003770099060186889,0.00037442934943547477,0.00037442934943547477,1.1310060483534259,0
2023-12-07 18:03:00+00:00,153.1,135.49,1.1299726917115653,0.00037761334740242703,0.0003753257073002764,0.0003753257073002764,1.1309513115118002,0
2023-12-07 18:04:00+00:00,153.05,135.38,1.1305214950509677,0.0003710676178671093,0.0003757268096801044,0.0003757268096801044,1.1308852093495712,0
2023-12-07 18:05:00+00:00,153.0491,135.45,1.1299306016980437,0.0003756210223915238,0.0003892886211773499,0.0003892886211773499,1.1308264886271524,0
2023-12-07 18:06:00+00:00,153.07,135.46,1.1300014764506126,0.0003649640378607783,0.000389222510442784,0.000389222510442784,1.1307480865968655,0
2023-12-07 18:07:00+00:00,153.055,135.49,1.129640563879253,0.00036597508720697606,0.00037682720643662934,0.00037682720643662934,1.130671547504845,0
2023-12-07 18:08:00+00:00,153.05,135.44,1.130020673360898,0.0003590425651773314,0.00037993699243986335,0.00037993699243986335,1.1306044866088276,0
2023-12-07 18:09:00+00:00,153.04,135.425,1.1300719955695033,0.0003575391950602463,0.00037989719501054593,0.00037989719501054593,1.1305477008146398,0
2023-12-07 18:10:00+00:00,152.99,135.4,1.1299113737075333,0.0003554087550169795,0.00036720804773737064,0.00036720804773737064,1.1305212555739987,0
2023-12-07 18:11:00+00:00,152.96,135.325,1.1303159061518568,0.000358114289493599,0.00036750527880654964,0.00036750527880654964,1.1304683982277155,0
2023-12-07 18:12:00+00:00,152.93,135.25,1.1307208872458412,0.0003609159881525424,0.00036559805786760206,0.00036559805786760206,1.1304344433910933,0
2023-12-07 18:13:00+00:00,152.95,135.22,1.1311196568554946,0.0003636732705100402,0.00036905227763011137,0.00036905227763011137,1.1304017391944707,0
2023-12-07 18:14:00+00:00,152.96,135.27,1.1307754860649073,0.0003535062293147705,0.00037342237402678637,0.00037342237402678637,1.1303775487101777,0
2023-12-07 18:15:00+00:00,153.0087,135.27,1.1311355067642492,0.0003551710282767296,0.00036945807572434555,0.00036945807572434555,1.1303573262282591,0
2023-12-07 18:16:00+00:00,153.01,135.1784,1.1319116071798452,0.0003649668663781682,0.00037872307583632997,0.00037872307583632997,1.1303177018258639,0
2023-12-07 18:17:00+00:00,152.99,135.16,1.1319177271382066,0.00036158729685037975,0.0003775677520610984,0.0003775677520610984,1.130271673708196,0
2023-12-07 18:18:00+00:00,153.03,135.2,1.131878698224852,0.0003607750304407922,0.0003475224967859856,0.0003475224967859856,1.130250329730409,0
2023-12-07 18:19:00+00:00,153.05,135.22,1.131859192427156,0.0003593802534538235,0.00034776481166350174,0.00034776481166350174,1.1302339885147663,0
2023-12-07 18:20:00+00:00,153.02,135.26,1.131302676327074,0.0003609937823617037,0.0003593273790152839,0.0003593273790152839,1.1302218457883588,0
2023-12-07 18:21:00+00:00,153.01,135.24,1.1313960366755396,0.00035468914894915996,0.00035607654228947237,0.00035607654228947237,1.1302180489283122,0
2023-12-07 18:22:00+00:00,152.975,135.2301,1.1312200464245756,0.0003551847520160358,0.0003428639721609278,0.0003428639721609278,1.1302298830728723,0
2023-12-07 18:23:00+00:00,152.975,135.25,1.1310536044362292,0.0003489629112917824,0.0003404007332725341,0.0003404007332725341,1.1302496607234902,0
2023-12-07 18:24:00+00:00,153.07,135.305,1.1312959609770517,0.00034469730320580425,0.0003349445729683788,0.0003349445729683788,1.1302747375352156,0
2023-12-07 18:25:00+00:00,153.055,135.32,1.1310597103162874,0.0003453101599795932,0.0003118801399667569,0.0003118801399667569,1.13028389391091,0
2023-12-07 18:26:00+00:00,153.05,135.28,1.1313571850975754,0.0003401322516763617,0.00031407895939862746,0.00031407895939862746,1.1302873309264287,0
2023-12-07 18:27:00+00:00,153.095,135.26,1.1318571639804822,0.00034334568507013457,0.0003171407508654003,0.0003171407508654003,1.1302866481558698,0
2023-12-07 18:28:00+00:00,153.105,135.32,1.1314292048477683,0.0003441510687812619,0.000325588585639594,0.000325588585639594,1.1302883416698997,0
2023-12-07 18:29:00+00:00,153.115,135.31,1.1315867267755524,0.0003444625333032841,0.0003216461303541809,0.0003216461303541809,1.1302871321898906,0
2023-12-07 18:30:00+00:00,153.1,135.335,1.1312668563195034,0.0003456225791278654,0.0003243904336644544,0.0003243904336644544,1.1302967374346273,0
2023-12-07 18:31:00+00:00,153.09,135.4,1.1306499261447562,0.00034851541025195836,0.00032173743920132017,0.00032173743920132017,1.1302852469500984,0
2023-12-07 18:32:00+00:00,153.0799,135.36,1.130909426713948,0.0003472056505244324,0.0003233710917878735,0.0003233710917878735,1.130267887095475,0
2023-12-07 18:33:00+00:00,153.03,135.25,1.131460258780037,0.0003523718221618321,0.00033310438203721455,0.00033310438203721455,1.1302551739613615,0
2023-12-07 18:34:00+00:00,153.03,135.245,1.1315020888018041,0.0003471578117825432,0.00032248886252972213,0.00032248886252972213,1.1302652966615692,0
2023-12-07 18:35:00+00:00,152.94,135.1358,1.1317504317878757,0.0003479956071131815,0.00030679801498551863,0.00030679801498551863,1.1302603669484543,0
2023-12-07 18:36:00+00:00,152.87,135.09,1.13161595973055,0.0003485153744784381,0.00030839988090648464,0.00030839988090648464,1.1302694873783965,0
2023-12-07 18:37:00+00:00,152.88,135.09,1.1316899844548078,0.0003383637911775638,0.0003005095595763154,0.0003005095595763154,1.130267895026912,0
2023-12-07 18:38:00+00:00,152.84,135.165,1.1307661006917473,0.00035555698325764694,0.00033565330427347436,0.00033565330427347436,1.1302606191306166,0
2023-12-07 18:39:00+00:00,152.89,135.2,1.130843195266272,0.00035555266665207276,0.00033573369554423593,0.00033573369554423593,1.130249495004897,0
2023-12-07 18:40:00+00:00,152.925,135.21,1.1310184157976482,0.000348621129230278,0.00033508192509684726,0.00033508192509684726,1.1302298095836,0
2023-12-07 18:41:00+00:00,152.9,135.22,1.1307498890696643,0.0003478148770616258,0.00033277447123673625,0.00033277447123673625,1.1302200156482487,0
2023-12-07 18:42:00+00:00,152.85,135.24,1.130212954747116,0.0003498609996906189,0.00033768015750159844,0.00033768015750159844,1.130219195730933,0
2023-12-07 18:43:00+00:00,152.88,135.32,1.129766479456104,0.000353470421029353,0.0003372064656414152,0.0003372064656414152,1.1302262362107531,0
2023-12-07 18:44:00+00:00,152.92,135.3246,1.1300236616254544,0.0003537011070654452,0.0003368071850415537,0.0003368071850415537,1.130213974880118,0
2023-12-07 18:45:00+00:00,152.89,135.3,1.1300073909830006,0.00035053624861244685,0.00033062959963227903,0.00033062959963227903,1.1302042195398765,0
2023-12-07 18:46:00+00:00,152.897,135.34,1.1297251366927736,0.0003491360841393674,0.00030345307768744596,0.00030345307768744596,1.1302118692368737,0
2023-12-07 18:47:00+00:00,152.88,135.34,1.1295995271168908,0.00034925820317864044,0.00030327472060039595,0.00030327472060039595,1.130226611183642,0
2023-12-07 18:48:00+00:00,152.87,135.315,1.1297343236152682,0.00033047832815289975,0.00030516029797568114,0.00030516029797568114,1.1302368819687592,0
2023-12-07 18:49:00+00:00,152.88,135.3,1.1299334811529933,0.00033102467193734314,0.0003081949762062163,0.0003081949762062163,1.1302512417958304,0
2023-12-07 18:50:00+00:00,152.86,135.31,1.129702165397975,0.0003300696535888967,0.00029853095178645296,0.00029853095178645296,1.1302642108855359,0
2023-12-07 18:51:00+00:00,152.8639,135.305,1.1297727356712612,0.0003278206651623453,0.00029825286866218666,0.00029825286866218666,1.1302687656622321,0
2023-12-07 18:52:00+00:00,152.86,135.36,1.1292848699763594,0.00032354985666096554,0.00030586233043512024,0.00030586233043512024,1.130271586979068,0
2023-12-07 18:53:00+00:00,152.865,135.32,1.12965563109666,0.00032469836456040227,0.000313260574563018,0.000313260574563018,1.130261730238672,0
2023-12-07 18:54:00+00:00,152.83,135.2769,1.1297568173132293,0.0003205766865815187,0.00031056982256868413,0.00031056982256868413,1.1302648493481202,0
2023-12-07 18:55:00+00:00,152.84,135.28,1.129804849201656,0.000308562509975998,0.0003093951135647526,0.0003093951135647526,1.130261458619924,0
2023-12-07 18:56:00+00:00,152.8307,135.22,1.1302373909185033,0.0003119687028529128,0.00031413884025201753,0.00031413884025201753,1.13027287543985,0
2023-12-07 18:57:00+00:00,152.825,135.19,1.1304460389082032,0.00031009045004647763,0.0003040769691204108,0.0003040769691204108,1.1302966352551158,0
2023-12-07 18:58:00+00:00,152.84,135.22,1.1303061677266677,0.0003104361225378108,0.00029785114859745744,0.00029785114859745744,1.1303195701190336,0
2023-12-07 18:59:00+00:00,152.89,135.25,1.1304251386321627,0.0003088290563290835,0.0002972375654804984,0.0002972375654804984,1.1303453701660673,0
2023-12-07 19:00:00+00:00,152.9,135.3,1.1300813008130082,0.0003104069614545611,0.0002978823264554464,0.0002978823264554464,1.1303694472371049,0
2023-12-07 19:01:00+00:00,152.87,135.28,1.1300266114725015,0.000300879664486318,0.0002819077112871868,0.0002819077112871868,1.1303913125929443,0
2023-12-07 19:02:00+00:00,152.8216,135.24,1.130002957704821,0.00030049097348684636,0.00027799587309994814,0.00027799587309994814,1.1304112533935717,0
2023-12-07 19:03:00+00:00,152.825,135.265,1.1298192437067978,0.0003004819593683509,0.00026140313425094316,0.00026140313425094316,1.1304387979420387,0
2023-12-07 19:04:00+00:00,152.8363,135.35,1.129193202807536,0.00030184720412368117,0.00027658547385657744,0.00027658547385657744,1.130475242217387,0
2023-12-07 19:05:00+00:00,152.82,135.37,1.128905961439019,0.00029620203109173397,0.00027310771399776643,0.00027310771399776643,1.1305149722303824,0
2023-12-07 19:06:00+00:00,152.8168,135.34,1.1291325550465494,0.00029734989652590064,0.0002778858967201236,0.0002778858967201236,1.130551016593901,0
2023-12-07 19:07:00+00:00,152.805,135.31,1.1292956913753602,0.0002952658090556107,0.0002796153260228976,0.0002796153260228976,1.1305996736964685,0
2023-12-07 19:08:00+00:00,152.8,135.35,1.128925009235316,0.0002947040490114245,0.00024702166003770786,0.00024702166003770786,1.1306351972688833,0
2023-12-07 19:09:00+00:00,152.75,135.27,1.12922303541066,0.00029682099444949995,0.0002528864981854862,0.0002528864981854862,1.1306706783037646,0
2023-12-07 19:10:00+00:00,152.8,135.35,1.128925009235316,0.00029813614095684625,0.0002528720651211883,0.0002528720651211883,1.1306981801604585,0
2023-12-07 19:11:00+00:00,152.76,135.28,1.1292134831460674,0.0002962531762906057,0.0002570430063236394,0.0002570430063236394,1.1307267477611949,0
2023-12-07 19:12:00+00:00,152.7699,135.265,1.129411895168743,0.00029326373999089445,0.00024679141722854203,0.00024679141722854203,1.1307385355173984,0
2023-12-07 19:13:00+00:00,152.805,135.31,1.1292956913753602,0.0002893421811100508,0.00023720740842891172,0.00023720740842891172,1.1307448531194075,0
2023-12-07 19:14:00+00:00,152.86,135.29,1.1298691699312589,0.0002950822900202327,0.0002520923829512455,0.0002520923829512455,1.1307516027857731,0
2023-12-07 19:15:00+00:00,152.885,135.35,1.1295530107129663,0.0002937879229775861,0.0002570594175309658,0.0002570594175309658,1.1307647555329994,0
2023-12-07 19:16:00+00:00,152.845,135.36,1.1291740543735223,0.00028131570696851197,0.0002602342342537246,0.0002602342342537246,1.1307796650648114,0
2023-12-07 19:17:00+00:00,152.91,135.43,1.1290703684560288,0.0002813278966813202,0.0002600145418563152,0.0002600145418563152,1.1307941545808857,0
2023-12-07 19:18:00+00:00,152.9,135.4536,1.128799825179988,0.0002824798546252369,0.0002618443496503674,0.0002618443496503674,1.1307943043139106,0
2023-12-07 19:19:00+00:00,152.855,135.47,1.1283309957924264,0.0002864554848828827,0.00026816558212291574,0.00026816558212291574,1.1307959262937668,0
2023-12-07 19:20:00+00:00,152.81,135.35,1.1289988917620983,0.0002923629268017444,0.0002905469628360317,0.0002905469628360317,1.1307884770252017,0
2023-12-07 19:21:00+00:00,152.77,135.36,1.128619976359338,0.0002945156498609832,0.00029566238515015626,0.00029566238515015626,1.13077664025375,0
2023-12-07 19:22:00+00:00,152.74,135.36,1.1283983451536643,0.0002948319789939944,0.00028775684141656496,0.00028775684141656496,1.130746122207812,0
2023-12-07 19:23:00+00:00,152.691,135.34,1.1282030441850155,0.00029500837248705745,0.0002809399853587423,0.0002809399853587423,1.1307168863466008,0
2023-12-07 19:24:00+00:00,152.695,135.35,1.1281492427041004,0.00029308328540420865,0.0002798244782232575,0.0002798244782232575,1.1306820767674435,0
2023-12-07 19:25:00+00:00,152.67,135.26,1.1287150672778352,0.0003006602333471128,0.0002969391679241978,0.0002969391679241978,1.130661192260442,0
2023-12-07 19:26:00+00:00,152.675,135.26,1.128752033121396,0.0002982579086391092,0.0002867736861669779,0.0002867736861669779,1.130644309284175,0
2023-12-07 19:27:00+00:00,152.69,135.3,1.1285291943828528,0.0002921659851788834,0.0002847566815766577,0.0002847566815766577,1.1306372700515828,0
2023-12-07 19:28:00+00:00,152.69,135.32,1.1283624002364765,0.00028926792951680154,0.00028498634267975375,0.00028498634267975375,1.1306286244778765,0
2023-12-07 19:29:00+00:00,152.7,135.37,1.1280195021053407,0.0002901349882738352,0.0002867220273696965,0.0002867220273696965,1.1306270593046561,0
2023-12-07 19:30:00+00:00,152.645,135.32,1.1280298551581438,0.0002886547303062438,0.00028362468158892035,0.00028362468158892035,1.1306232538453371,0
2023-12-07 19:31:00+00:00,152.64,135.34,1.1278262154573666,0.0002817547364020765,0.0002844545466489881,0.0002844545466489881,1.1306295970748936,0
2023-12-07 19:32:00+00:00,152.64,135.34,1.1278262154573666,0.00027956052747679514,0.0002845918263293237,0.0002845918263293237,1.1306332003186692,0
2023-12-07 19:33:00+00:00,152.595,135.38,1.127160585019944,0.00027937244047992506,0.00029997970852558556,0.00029997970852558556,1.1306306428519228,0
2023-12-07 19:34:00+00:00,152.55,135.375,1.1268698060941829,0.0002801698906187607,0.000288439552557364,0.000288439552557364,1.1306085046478658,0
2023-12-07 19:35:00+00:00,152.58,135.39,1.126966541103479,0.0002783684758656978,0.0002875709572541004,0.0002875709572541004,1.1305914273102153,0
2023-12-07 19:36:00+00:00,152.565,135.45,1.1263565891472869,0.00028487533823267833,0.0002963875667981137,0.0002963875667981137,1.1305769452868144,0
2023-12-07 19:37:00+00:00,152.615,135.48,1.1264762326542666,0.00028527099196218086,0.000295460333701144,0.000295460333701144,1.1305711974117496,0
2023-12-07 19:38:00+00:00,152.62,135.53,1.1260975429794142,0.0002705288478771009,0.0002956905043182495,0.0002956905043182495,1.1305529363429898,0
2023-12-07 19:39:00+00:00,152.655,135.51,1.1265220278946204,0.0002760612639174167,0.00030094129283801424,0.00030094129283801424,1.1305387870070092,0
2023-12-07 19:40:00+00:00,152.69,135.52,1.1266971664698937,0.00027606827628109823,0.00030183200691658285,0.00030183200691658285,1.1305223475991386,0
2023-12-07 19:41:00+00:00,152.6498,135.4955,1.1266042045676794,0.0002751394601474488,0.0002956694334636446,0.0002956694334636446,1.1305039738823757,0
2023-12-07 19:42:00+00:00,152.5984,135.41,1.1269359722324792,0.0002734559369116159,0.0002999354638714623,0.0002999354638714623,1.1304821573477573,0
2023-12-07 19:43:00+00:00,152.595,135.34,1.1274937195212058,0.0002784240215653634,0.0003172477449759946,0.0003172477449759946,1.1304517579230882,0
2023-12-07 19:44:00+00:00,152.515,135.3,1.1272357723577233,0.00027740081770261603,0.00030038852798632183,0.00030038852798632183,1.130436652654194,0
2023-12-07 19:45:00+00:00,152.41,135.25,1.1268761552680222,0.00027968159954012885,0.0003013816841806791,0.0003013816841806791,1.1304102777200062,0
2023-12-07 19:46:00+00:00,152.345,135.31,1.1258960904589461,0.00029816979324799196,0.00033134971940016145,0.00033134971940016145,1.1303646518399009,0
2023-12-07 19:47:00+00:00,152.4161,135.315,1.1263799283154121,0.00030459780809800397,0.00034502298979096144,0.00034502298979096144,1.1303171958618643,0
2023-12-07 19:48:00+00:00,152.4,135.3149,1.1262617790058598,0.0003038906462325124,0.00034374097426640316,0.00034374097426640316,1.1302658813111168,0
2023-12-07 19:49:00+00:00,152.41,135.39,1.1257109092252013,0.0003075650241535287,0.0003465128200890326,0.0003465128200890326,1.130207078033871,0
2023-12-07 19:50:00+00:00,152.4169,135.385,1.1258034494220188,0.0003075445561941697,0.00032434748571784225,0.00032434748571784225,1.130168681624455,0
2023-12-07 19:51:00+00:00,152.425,135.33,1.1263208453410183,0.0003143689201498595,0.00033623172019230725,0.00033623172019230725,1.1301224139525183,0
2023-12-07 19:52:00+00:00,152.41,135.31,1.126376468849309,0.0003106031107715938,0.000335987805993952,0.000335987805993952,1.1300753855980032,0
2023-12-07 19:53:00+00:00,152.4,135.27,1.1266356176535817,0.0003088669841460479,0.0003393432822161782,0.0003393432822161782,1.1300278762604827,0
2023-12-07 19:54:00+00:00,152.415,135.26,1.1268298092562472,0.0003096603302287294,0.0003416821375825196,0.0003416821375825196,1.1299754309559336,0
2023-12-07 19:55:00+00:00,152.45,135.22,1.1274219789971898,0.0003180895245064988,0.000343014913908648,0.000343014913908648,1.1299363535719595,0
2023-12-07 19:56:00+00:00,152.54,135.25,1.127837338262477,0.0003177734094133268,0.00035079375984626166,0.00035079375984626166,1.1298929343723565,0
2023-12-07 19:57:00+00:00,152.555,135.2918,1.1275997510566051,0.00031723225623023904,0.00035102380399890153,0.00035102380399890153,1.129837468212396,0
2023-12-07 19:58:00+00:00,152.57,135.31,1.1275589387332792,0.000317051088356191,0.00035029451161567947,0.00035029451161567947,1.1297863548022078,0
2023-12-07 19:59:00+00:00,152.515,135.33,1.1269858863518805,0.000322122228911383,0.0003578360603631386,0.0003578360603631386,1.1297269010577042,0
2023-12-07 20:00:00+00:00,152.585,135.305,1.1277114666863752,0.00033256074220692686,0.0003784295671842758,0.0003784295671842758,1.1296729510383483,0
2023-12-07 20:01:00+00:00,152.67,135.4,1.1275480059084193,0.0003328604646382437,0.00037793002038138967,0.00037793002038138967,1.1296258891935584,0
2023-12-07 20:02:00+00:00,152.7062,135.43,1.127565532009156,0.0003329227601012372,0.0003779522391902174,0.0003779522391902174,1.129574502339282,0
2023-12-07 20:03:00+00:00,152.64,135.38,1.1274929827153197,0.00033253070743665075,0.0003618544156501533,0.0003618544156501533,1.129502841109947,0
2023-12-07 20:04:00+00:00,152.68,135.35,1.128038418913927,0.00033202640576615426,0.00036820532233323283,0.00036820532233323283,1.1294256363981536,0
2023-12-07 20:05:00+00:00,152.66,135.365,1.1277656705943189,0.0003318778175666755,0.00037147783290774033,0.00037147783290774033,1.129345904886747,0
2023-12-07 20:06:00+00:00,152.665,135.36,1.1278442671394797,0.0003308518315820804,0.00035585777910793567,0.00035585777910793567,1.1292582487103593,0
2023-12-07 20:07:00+00:00,152.66,135.39,1.1275574266932566,0.0003315177493312256,0.0003597530142593537,0.0003597530142593537,1.1291713528470169,0
2023-12-07 20:08:00+00:00,152.64,135.32,1.1279929057049956,0.0003332901353941911,0.0003584308667106558,0.0003584308667106558,1.1290935435518112,0
2023-12-07 20:09:00+00:00,152.605,135.33,1.1276509273627426,0.00033332339672113105,0.0003589471569285817,0.0003589471569285817,1.1290215240956172,0
2023-12-07 20:10:00+00:00,152.63,135.42,1.1270861024959387,0.00033760078109416826,0.0003710523346816799,0.0003710523346816799,1.128949503273488,0
2023-12-07 20:11:00+00:00,152.6269,135.41,1.1271464441326342,0.0003357364819657649,0.00037069405875926094,0.00037069405875926094,1.1288804085317883,0
2023-12-07 20:12:00+00:00,152.62,135.391,1.1272536579240866,0.00033505814099793886,0.0003673029443312052,0.0003673029443312052,1.128825792156544,0
2023-12-07 20:13:00+00:00,152.61,135.45,1.1266888150609082,0.0003403906268781652,0.00036692294375653467,0.00036692294375653467,1.128787912824296,0
2023-12-07 20:14:00+00:00,152.615,135.455,1.12668413864383,0.00033279677229155455,0.0003648807744350572,0.0003648807744350572,1.1287414480031672,0
2023-12-07 20:15:00+00:00,152.635,135.5,1.1264575645756456,0.0003320175825751943,0.0003621313354952246,0.0003621313354952246,1.1286892607412509,0
2023-12-07 20:16:00+00:00,152.64,135.49,1.1265776072034834,0.0003303782287005379,0.0003243171510879835,0.0003243171510879835,1.1286254433040201,0
2023-12-07 20:17:00+00:00,152.64,135.45,1.1269102990033222,0.0003330847395967317,0.0003193548127000889,0.0003193548127000889,1.1285717833239957,0
2023-12-07 20:18:00+00:00,152.655,135.46,1.1269378414292042,0.00033203601280118694,0.00031854209472288736,0.00031854209472288736,1.1285139075805053,0
2023-12-07 20:19:00+00:00,152.645,135.42,1.127196869000148,0.0003297007309936911,0.0003057009066942122,0.0003057009066942122,1.128443531381709,0
2023-12-07 20:20:00+00:00,152.69,135.47,1.1271130139514283,0.000319929472095422,0.0003063626151035341,0.0003063626151035341,1.1283785527821097,0
2023-12-07 20:21:00+00:00,152.63,135.49,1.1265038010185253,0.0003243336762774171,0.0003133292791708471,0.0003133292791708471,1.1283210212766055,0
2023-12-07 20:22:00+00:00,152.545,135.45,1.1262089331856773,0.00032500706832718184,0.0003169537267396965,0.0003169537267396965,1.1282725479244882,0
2023-12-07 20:23:00+00:00,152.55,135.46,1.1261627048575225,0.0003244844175482037,0.00031387286736568967,0.00031387286736568967,1.1282222143671035,0
2023-12-07 20:24:00+00:00,152.56,135.49,1.1259871577238172,0.0003248840969312795,0.0003128738269434816,0.0003128738269434816,1.128173430899487,0
2023-12-07 20:25:00+00:00,152.57,135.5,1.1259778597785977,0.0003172730170344623,0.00029517046270567465,0.00029517046270567465,1.1281337163960794,0
2023-12-07 20:26:00+00:00,152.605,135.5,1.1262361623616235,0.0003190524227957679,0.00028953160322632294,0.00028953160322632294,1.1280937155184787,0
2023-12-07 20:27:00+00:00,152.6261,135.48,1.1265581635665782,0.00032103246940310456,0.00029403061897063297,0.00029403061897063297,1.1280462773876188,0
2023-12-07 20:28:00+00:00,152.61,135.48,1.1264393268379098,0.00032081367519411636,0.0002943467490762662,0.0002943467490762662,1.1280004902377292,0
2023-12-07 20:29:00+00:00,152.58,135.42,1.1267168808152417,0.00032066965191050707,0.0002844179756496478,0.0002844179756496478,1.127943169366391,0
2023-12-07 20:30:00+00:00,152.57,135.42,1.126643036479102,0.00032070263100693726,0.0002564810384927638,0.0002564810384927638,1.1279036721309472,0
2023-12-07 20:31:00+00:00,152.54,135.36,1.1269208037825058,0.0003218269810529643,0.00026044206839217766,0.00026044206839217766,1.1278623620382124,0
2023-12-07 20:32:00+00:00,152.495,135.25,1.1275046210720887,0.0003290591889897313,0.0002782587904438129,0.0002782587904438129,1.127821738276618,0
2023-12-07 20:33:00+00:00,152.505,135.22,1.1278287235616034,0.00032202311630440513,0.00028290453834822803,0.00028290453834822803,1.1277829672600934,0
2023-12-07 20:34:00+00:00,152.4701,135.19,1.1278208447370368,0.00032010853320950443,0.0002683789313989495,0.0002683789313989495,1.1277637208618667,0
2023-12-07 20:35:00+00:00,152.475,135.17,1.1280239698157877,0.0003206973058949771,0.00026666705935362146,0.00026666705935362146,1.127744716014455,0
2023-12-07 20:36:00+00:00,152.44,135.17,1.127765036620552,0.0003139772726219534,0.00026984458785017586,0.00026984458785017586,1.127723244549337,0
2023-12-07 20:37:00+00:00,152.44,135.1702,1.1277633679612815,0.0003137888901453298,0.00026561721390879926,0.00026561721390879926,1.127694273471302,0
2023-12-07 20:38:00+00:00,152.44,135.195,1.1275564924738342,0.0003114690528360031,0.00025775345203914217,0.00025775345203914217,1.1276787384124634,0
2023-12-07 20:39:00+00:00,152.44,135.1847,1.1276424033193106,0.00030805510767174186,0.00025226724926972886,0.00025226724926972886,1.1276525366116645,0
2023-12-07 20:40:00+00:00,152.5086,135.33,1.1269385945466637,0.00031836811285599324,0.00026153586184291807,0.00026153586184291807,1.1276218881660085,0
2023-12-07 20:41:00+00:00,152.56,135.275,1.1277767510626502,0.0003321508354527382,0.00029501717344388524,0.00029501717344388524,1.1275874375157846,0
2023-12-07 20:42:00+00:00,152.585,135.23,1.1283369074909415,0.00033601332220899687,0.0003074532282419194,0.0003074532282419194,1.1275514668950402,0
2023-12-07 20:43:00+00:00,152.585,135.23,1.1283369074909415,0.0003302005372232331,0.00029064231935843805,0.00029064231935843805,1.1275080189564661,0
2023-12-07 20:44:00+00:00,152.59,135.23,1.1283738815351625,0.00032868406019853153,0.0002904886564222001,0.0002904886564222001,1.1274549351016756,0
2023-12-07 20:45:00+00:00,152.595,135.24,1.128327417923691,0.00032581619115568523,0.0002871703760642639,0.0002871703760642639,1.1274033443327203,0
2023-12-07 20:46:00+00:00,152.56,135.18,1.128569314987424,0.00030494666030548976,0.00028850533829716723,0.00028850533829716723,1.1273600702132198,0
2023-12-07 20:47:00+00:00,152.57,135.11,1.1292280364147729,0.0003089068908998818,0.00030117828287521656,0.00030117828287521656,1.1273240690556745,0
2023-12-07 20:48:00+00:00,152.57,135.07,1.1295624491004663,0.00031000834037664084,0.0003038797217036226,0.0003038797217036226,1.1272930359931614,0
2023-12-07 20:49:00+00:00,152.545,135.125,1.1289176688251619,0.000312580270350104,0.0003245065321851441,0.0003245065321851441,1.1272741338799568,0
2023-12-07 20:50:00+00:00,152.48,135.06,1.1289797127202723,0.0003125487251278666,0.0003236425520811787,0.0003236425520811787,1.1272427025831122,0
2023-12-07 20:51:00+00:00,152.44,135.16,1.127848475880438,0.00033593040015391745,0.0003616678693368465,0.0003616678693368465,1.1272074329940986,0
2023-12-07 20:52:00+00:00,152.3094,135.06,1.1277165704131498,0.0003363920336452999,0.00035845620165673515,0.00035845620165673515,1.1271709427946324,0
2023-12-07 20:53:00+00:00,152.23,135.02,1.1274625981336097,0.00033670494944997665,0.00036153820165466763,0.00036153820165466763,1.1271369371391742,0
2023-12-07 20:54:00+00:00,152.35,135.15,1.1272660007399185,0.0003368864113960392,0.00036189662804268264,0.00036189662804268264,1.127100902389503,0
2023-12-07 20:55:00+00:00,152.305,135.08,1.1275170269469943,0.00033119931944567506,0.0003633343159425794,0.0003633343159425794,1.1270552822645155,0
2023-12-07 20:56:00+00:00,152.365,135.07,1.128044717553861,0.00033331247720887127,0.0003700462829188068,0.0003700462829188068,1.1270133510851859,0
2023-12-07 20:57:00+00:00,152.485,135.025,1.1293093871505278,0.000361948430669389,0.00041661790877038147,0.00041661790877038147,1.1269805005715814,0
2023-12-07 20:58:00+00:00,152.45,135.055,1.1287993780311723,0.0003670817759180968,0.00042664369220063865,0.00042664369220063865,1.1269484493482718,0
2023-12-07 20:59:00+00:00,152.46,135.15,1.128079911209767,0.0003705840278182217,0.0004441842670756679,0.0004441842670756679,1.126926738993437,0
2023-12-07 21:00:00+00:00,152.49,135.19,1.1279680449737408,0.0003615614373149404,0.00044450311574385093,0.00044450311574385093,1.126903625348786,0
2023-12-07 21:01:00+00:00,152.4997,135.2308,1.1276994589989855,0.00036241038541063355,0.00044551647124863833,0.00044551647124863833,1.1268885351542053,0
2023-12-07 21:02:00+00:00,152.4997,135.19,1.1280397958428878,0.0003644659858694466,0.00043893269049591924,0.00043893269049591924,1.126883175247784,0
2023-12-07 21:03:00+00:00,152.5,135.19,1.1280420149419337,0.00036434627913696635,0.0004359270400303389,0.0004359270400303389,1.1268943108901448,0
2023-12-07 21:04:00+00:00,152.5757,135.19,1.128601967601154,0.00036462931452675826,0.00044498787469229655,0.00044498787469229655,1.1269101615341923,0
2023-12-07 21:05:00+00:00,152.5757,135.19,1.128601967601154,0.0003631506166827271,0.0004440115318164956,0.0004440115318164956,1.1269277853460644,0
2023-12-07 21:06:00+00:00,152.6,135.19,1.1287817146238628,0.0003635739175104328,0.000442232713137686,0.000442232713137686,1.1269512594706188,0
2023-12-07 21:07:00+00:00,152.6,135.19,1.1287817146238628,0.0003618721830866033,0.0004422291486105292,0.0004422291486105292,1.1269727117257355,0
2023-12-07 21:08:00+00:00,152.6,135.42,1.1268645694875203,0.0004211536606054744,0.0005425785358165661,0.0005425785358165661,1.1269970275506427,0
2023-12-07 21:09:00+00:00,152.51,135.42,1.1261999704622656,0.00042605594498927975,0.0005520350254229827,0.0005520350254229827,1.1270157004743875,0
2023-12-07 21:10:00+00:00,152.46,135.19,1.127746135069162,0.00045780316718534695,0.0005979773334131303,0.0005979773334131303,1.1270197242756668,0
2023-12-07 21:11:00+00:00,152.57,135.19,1.128559804719284,0.0004669142961104523,0.0005970671996228697,0.0005970671996228697,1.1270392667172497,0
2023-12-07 21:12:00+00:00,152.46,135.19,1.127746135069162,0.0004765066822924337,0.000605111572252373,0.000605111572252373,1.1270626156382242,0
2023-12-07 21:13:00+00:00,152.51,135.19,1.1281159849101265,0.0004735230826202298,0.0006083880289039399,0.0006083880289039399,1.127076668771053,0
2023-12-07 21:14:00+00:00,152.51,135.19,1.1281159849101265,0.00047351961828840376,0.0006083447921933102,0.0006083447921933102,1.1270956372573437,0
2023-12-07 21:15:00+00:00,152.51,135.19,1.1281159849101265,0.00047262979682771456,0.0006083125006314581,0.0006083125006314581,1.1271198249682715,0
2023-12-07 21:16:00+00:00,152.51,135.19,1.1281159849101265,0.00047251688578283914,0.0006068910009894078,0.0006068910009894078,1.127164378710413,0
2023-12-07 21:17:00+00:00,152.51,135.19,1.1281159849101265,0.00047116687769748063,0.0005963602823149698,0.0005963602823149698,1.1272118471787356,0
2023-12-07 21:18:00+00:00,152.51,135.19,1.1281159849101265,0.0004711717198684373,0.0005931723058711898,0.0005931723058711898,1.127266858346979,0
2023-12-07 21:19:00+00:00,152.46,135.19,1.127746135069162,0.00047241140677002755,0.0005873405362080706,0.0005873405362080706,1.1273203043403117,0
2023-12-07 21:20:00+00:00,152.447,135.19,1.1276499741105113,0.00047244573088495504,0.0005871624796912685,0.0005871624796912685,1.127373242061949,0
2023-12-07 21:21:00+00:00,152.447,135.19,1.1276499741105113,0.0004669296721422195,0.0005582902986139978,0.0005582902986139978,1.1273987025709395,0
2023-12-07 21:22:00+00:00,152.447,135.19,1.1276499741105113,0.00046550117122734383,0.000557894960339131,0.000557894960339131,1.1274210375970033,0
2023-12-07 21:23:00+00:00,152.4,135.19,1.1273023152600046,0.00046738387885735124,0.0005592469244921277,0.0005592469244921277,1.127434820605004,0
2023-12-07 21:24:00+00:00,152.4,135.19,1.1273023152600046,0.0004668397354074701,0.0005583268601816087,0.0005583268601816087,1.127442090463065,0
2023-12-07 21:25:00+00:00,152.4,135.19,1.1273023152600046,0.0004668326119692121,0.0005567591255318826,0.0005567591255318826,1.1274436745955618,0
2023-12-07 21:26:00+00:00,152.45,135.19,1.127672165100969,0.0004677568464902817,0.0005532243514492121,0.0005532243514492121,1.127447130917085,0
2023-12-07 21:27:00+00:00,152.45,135.19,1.127672165100969,0.00046647053115255106,0.0005103245331291579,0.0005103245331291579,1.1274756248519837,0
2023-12-07 21:28:00+00:00,152.45,135.19,1.127672165100969,0.0004662013795501608,0.00050464452016911,0.00050464452016911,1.1274962988402817,0
2023-12-07 21:29:00+00:00,152.46,135.19,1.127746135069162,0.00046528570157833857,0.000491778982885341,0.000491778982885341,1.1275145325879132,0
2023-12-07 21:30:00+00:00,152.46,135.19,1.127746135069162,0.00046516956140543953,0.0004914904182918127,0.0004914904182918127,1.1275188088927026,0
2023-12-07 21:31:00+00:00,152.46,135.19,1.127746135069162,0.00046419017167981377,0.000489538880846805,0.000489538880846805,1.1275213331108787,0
2023-12-07 21:32:00+00:00,152.46,135.19,1.127746135069162,0.00045941686077183194,0.00048624479693642786,0.00048624479693642786,1.1275292375081079,0
2023-12-07 21:33:00+00:00,152.46,135.19,1.127746135069162,0.0004579037320811111,0.00048624346033602513,0.00048624346033602513,1.1275383880452179,0
2023-12-07 21:34:00+00:00,152.46,135.19,1.127746135069162,0.0004579031027721616,0.000476819949140883,0.000476819949140883,1.1275477805233385,0
2023-12-07 21:35:00+00:00,152.46,135.19,1.127746135069162,0.00045728567628643244,0.000476819949140883,0.000476819949140883,1.1275617188067857,0
2023-12-07 21:36:00+00:00,152.46,135.19,1.127746135069162,0.0004563259564002359,0.0004755805989737151,0.0004755805989737151,1.1275773429315252,0
2023-12-07 21:37:00+00:00,152.46,135.19,1.127746135069162,0.00045632592478952604,0.0004755805989737151,0.0004755805989737151,1.127597747730369,0
2023-12-07 21:38:00+00:00,152.46,135.19,1.127746135069162,0.00045569118481845637,0.0003563173675100616,0.0003563173675100616,1.1275789421267441,0
2023-12-07 21:39:00+00:00,152.46,135.19,1.127746135069162,0.00045558964579835815,0.00033690518261742555,0.00033690518261742555,1.1275547595117363,0
2023-12-07 21:40:00+00:00,152.46,135.19,1.127746135069162,0.00044812352458173887,0.00022511899439165854,0.00022511899439165854,1.1275657600546234,0
2023-12-07 21:41:00+00:00,152.4,135.19,1.1273023152600046,0.00044063916735052904,0.00019141971045423577,0.00019141971045423577,1.127589316064401,0
2023-12-07 21:42:00+00:00,152.4,135.19,1.1273023152600046,0.00043565506055447324,0.00014130224856953482,0.00014130224856953482,1.1275975240168188,0
2023-12-07 21:43:00+00:00,152.46,135.19,1.127746135069162,0.0004388410493952941,0.00014716273651268566,0.00014716273651268566,1.1276213101809724,0
2023-12-07 21:44:00+00:00,152.46,135.19,1.127746135069162,0.0004388090394638709,0.00014716273651268566,0.00014716273651268566,1.1276451742854108,0
2023-12-07 21:45:00+00:00,152.46,135.19,1.127746135069162,0.0004387903477256246,0.00014716273651268566,0.00014716273651268566,1.1276728146243187,0
2023-12-07 21:46:00+00:00,152.46,135.19,1.127746135069162,0.0004378164649266283,0.00014716273651268566,0.00014716273651268566,1.1276984542527626,0
2023-12-07 21:47:00+00:00,152.46,135.19,1.127746135069162,0.00043078303823259305,0.00014716273651268566,0.00014716273651268566,1.1277185490178765,0
2023-12-07 21:48:00+00:00,152.46,135.19,1.127746135069162,0.00042877034692346194,0.00014716273651268566,0.00014716273651268566,1.1277381847425583,0
2023-12-07 21:49:00+00:00,152.46,135.19,1.127746135069162,0.0004227842292126467,0.00013443912096857216,0.00013443912096857216,1.1277473391770418,0
2023-12-07 21:50:00+00:00,152.4,135.19,1.1273023152600046,0.0004254430479488388,0.00015183789538536822,0.00015183789538536822,1.1277562885130266,0
2023-12-07 21:51:00+00:00,152.4,135.19,1.1273023152600046,0.0004056351358892658,0.00015183789538536822,0.00015183789538536822,1.127775391397893,0
2023-12-07 21:52:00+00:00,152.4,135.19,1.1273023152600046,0.00040538358639841885,0.00015183789538536822,0.00015183789538536822,1.12779940874664,0
2023-12-07 21:53:00+00:00,152.4,135.19,1.1273023152600046,0.0004043612336840857,0.0001410183188000542,0.0001410183188000542,1.127818402253348,0
2023-12-07 21:54:00+00:00,152.4,135.19,1.1273023152600046,0.0004037296158675487,0.0001410183188000542,0.0001410183188000542,1.127840321545618,0
2023-12-07 21:55:00+00:00,152.4,134.92,1.1295582567447378,0.000478647493684619,0.0003916329126490395,0.0003916329126490395,1.1278623958036416,0
2023-12-07 21:56:00+00:00,152.4,134.92,1.1295582567447378,0.0004751938006220324,0.0003886521143003089,0.0003886521143003089,1.1278863291826304,0
2023-12-07 21:57:00+00:00,152.4,134.92,1.1295582567447378,0.0004527738673371227,0.0003886521143003089,0.0003886521143003089,1.1279048958748703,0
2023-12-07 21:58:00+00:00,152.4,134.92,1.1295582567447378,0.0004488117278742941,0.0003886521143003089,0.0003886521143003089,1.1279254431792547,0
2023-12-07 21:59:00+00:00,152.4,134.92,1.1295582567447378,0.0004406671662026159,0.0003887794833702148,0.0003887794833702148,1.12794259741682,0
2023-12-07 22:00:00+00:00,152.4,134.92,1.1295582567447378,0.0004403911956517911,0.0003887794833702148,0.0003887794833702148,1.1279609823933212,0
2023-12-07 22:01:00+00:00,152.4,134.92,1.1295582567447378,0.00043906388778181346,0.0003887794833702148,0.0003887794833702148,1.1279747379147653,0
2023-12-07 22:02:00+00:00,152.4,134.92,1.1295582567447378,0.0004375950189899944,0.0003887794833702148,0.0003887794833702148,1.1279787631480498,0
2023-12-07 22:03:00+00:00,152.36,134.92,1.1292617847613402,0.00043913438588661594,0.0003929578697826753,0.0003929578697826753,1.127977386673176,0
2023-12-07 22:04:00+00:00,152.36,134.92,1.1292617847613402,0.0004346236406513407,0.0003929578697826753,0.0003929578697826753,1.1279761415120444,0
2023-12-07 22:05:00+00:00,152.36,134.92,1.1292617847613402,0.0004346236406513407,0.0003929578697826753,0.0003929578697826753,1.1279715109329342,0
2023-12-07 22:06:00+00:00,152.36,134.92,1.1292617847613402,0.00043418165907437354,0.0003929578697826753,0.0003929578697826753,1.1279711959070775,0
2023-12-07 22:07:00+00:00,152.36,134.92,1.1292617847613402,0.00043418165907437354,0.0003929578697826753,0.0003929578697826753,1.127970908692209,0
2023-12-07 22:08:00+00:00,152.36,134.92,1.1292617847613402,0.00037201272824117945,0.0003929578697826753,0.0003929578697826753,1.1279740694021312,0
2023-12-07 22:09:00+00:00,152.36,134.92,1.1292617847613402,0.00036289144975912865,0.0003929578697826753,0.0003929578697826753,1.1279757982646286,0
2023-12-07 22:10:00+00:00,152.36,134.92,1.1292617847613402,0.00031830779243539604,0.0003929578697826753,0.0003929578697826753,1.127989257273337,0
2023-12-07 22:11:00+00:00,152.36,134.92,1.1292617847613402,0.00030479236292366423,0.00038429170158284096,0.00038429170158284096,1.1279813500099596,0
2023-12-07 22:12:00+00:00,152.36,134.92,1.1292617847613402,0.0002892866242611498,0.00038429170158284096,0.00038429170158284096,1.1279641068061106,0
2023-12-07 22:13:00+00:00,152.36,134.92,1.1292617847613402,0.0002865008230615546,0.00037911857785761534,0.00037911857785761534,1.127954260599081,0
2023-12-07 22:14:00+00:00,152.36,134.92,1.1292617847613402,0.0002865008230615546,0.00037911857785761534,0.00037911857785761534,1.127943798157981,0
2023-12-07 22:15:00+00:00,152.39,134.92,1.1294841387488883,0.0002874294605147965,0.0003800188853675427,0.0003800188853675427,1.1279341101104055,0
2023-12-07 22:16:00+00:00,152.39,134.92,1.1294841387488883,0.0002874294605147965,0.0003800188853675427,0.0003800188853675427,1.127920390445101,0
2023-12-07 22:17:00+00:00,152.39,134.92,1.1294841387488883,0.0002874294605147965,0.0003800188853675427,0.0003800188853675427,1.1278956920893406,0
2023-12-07 22:18:00+00:00,152.39,134.92,1.1294841387488883,0.0002874294605147965,0.0003800188853675427,0.0003800188853675427,1.1278654201888192,0
2023-12-07 22:19:00+00:00,152.39,134.92,1.1294841387488883,0.00028379326640124976,0.0003800188853675427,0.0003800188853675427,1.127845894626219,0
2023-12-07 22:20:00+00:00,152.39,134.92,1.1294841387488883,0.0002834414076643873,0.00037081070639177885,0.00037081070639177885,1.1278179380018813,0
2023-12-07 22:21:00+00:00,152.39,134.92,1.1294841387488883,0.0002834414076643873,0.00037081070639177885,0.00037081070639177885,1.127808835324874,0
2023-12-07 22:22:00+00:00,152.39,134.92,1.1294841387488883,0.0002834414076643873,0.00037081070639177885,0.00037081070639177885,1.127801931072322,0
2023-12-07 22:23:00+00:00,152.39,134.92,1.1294841387488883,0.0002800315004252802,0.00037081070639177885,0.00037081070639177885,1.1277992596910948,0
2023-12-07 22:24:00+00:00,152.39,134.92,1.1294841387488883,0.0002800315004252802,0.00037081070639177885,0.00037081070639177885,1.1277998649330965,0
2023-12-07 22:25:00+00:00,152.39,134.92,1.1294841387488883,0.0002800315004252802,6.0888864449590574e-05,6.0888864449590574e-05,1.1278338854297254,0
2023-12-07 22:26:00+00:00,152.39,134.92,1.1294841387488883,0.0002773475792437356,6.0888864449590574e-05,6.0888864449590574e-05,1.1278591110829066,0
2023-12-07 22:27:00+00:00,152.39,134.92,1.1294841387488883,0.0002773475792437356,6.0888864449590574e-05,6.0888864449590574e-05,1.1278632589094768,0
2023-12-07 22:28:00+00:00,152.39,134.92,1.1294841387488883,0.0002773475792437356,6.0888864449590574e-05,6.0888864449590574e-05,1.1278759068880364,0
2023-12-07 22:29:00+00:00,152.39,134.92,1.1294841387488883,0.0002773213327661784,6.0888864449590574e-05,6.0888864449590574e-05,1.1279005459802858,0
2023-12-07 22:30:00+00:00,152.43,134.92,1.1297806107322859,0.0002789743998856468,7.77407157958759e-05,7.77407157958759e-05,1.1279270495098026,0
2023-12-07 22:31:00+00:00,152.43,134.92,1.1297806107322859,0.0002789743998856468,7.77407157958759e-05,7.77407157958759e-05,1.1279580294722318,0
2023-12-07 22:32:00+00:00,152.43,134.92,1.1297806107322859,0.0002789743998856468,7.77407157958759e-05,7.77407157958759e-05,1.127983337153929,0
2023-12-07 22:33:00+00:00,152.43,134.92,1.1297806107322859,0.0002789743998856468,5.890786591338054e-05,5.890786591338054e-05,1.1280036666509192,0
2023-12-07 22:34:00+00:00,152.43,134.92,1.1297806107322859,0.0002789743998856468,5.890786591338054e-05,5.890786591338054e-05,1.128014663603589,0
2023-12-07 22:35:00+00:00,152.43,134.92,1.1297806107322859,0.0002789743998856468,5.890786591338054e-05,5.890786591338054e-05,1.1280256605562586,0
2023-12-07 22:36:00+00:00,152.43,134.92,1.1297806107322859,0.0002789743998856468,5.890786591338054e-05,5.890786591338054e-05,1.1280336617252167,0
2023-12-07 22:37:00+00:00,152.43,134.92,1.1297806107322859,0.0002789743998856468,5.890786591338054e-05,5.890786591338054e-05,1.1280416628941745,0
2023-12-07 22:38:00+00:00,152.43,134.92,1.1297806107322859,0.0002789743998856468,5.890786591338054e-05,5.890786591338054e-05,1.1280816164820715,0
2023-12-07 22:39:00+00:00,152.43,134.92,1.1297806107322859,0.0002789743998856468,5.890786591338054e-05,5.890786591338054e-05,1.1281326467203894,0
2023-12-07 22:40:00+00:00,152.43,134.92,1.1297806107322859,0.0002789743998856468,5.890786591338054e-05,5.890786591338054e-05,1.1281579075485924,0
2023-12-07 22:41:00+00:00,152.43,134.92,1.1297806107322859,0.0002734166125751337,5.890786591338054e-05,5.890786591338054e-05,1.12816960721596,0
2023-12-07 22:42:00+00:00,152.43,134.92,1.1297806107322859,0.0002734166125751337,5.890786591338054e-05,5.890786591338054e-05,1.128194868044163,0
2023-12-07 22:43:00+00:00,152.43,134.92,1.1297806107322859,0.00026939690671337846,5.890786591338054e-05,5.890786591338054e-05,1.12821396470835,0
2023-12-07 22:44:00+00:00,152.43,134.92,1.1297806107322859,0.00026939690671337846,5.890786591338054e-05,5.890786591338054e-05,1.1282330613725369,0
2023-12-07 22:45:00+00:00,152.43,134.92,1.1297806107322859,0.00026939690671337846,4.7922878360791246e-05,4.7922878360791246e-05,1.1282558639365163,0
2023-12-07 22:46:00+00:00,152.43,134.92,1.1297806107322859,0.00026939690671337846,4.7922878360791246e-05,4.7922878360791246e-05,1.1282786665004958,0
2023-12-07 22:47:00+00:00,152.43,134.92,1.1297806107322859,0.00026939690671337846,4.7922878360791246e-05,4.7922878360791246e-05,1.1283014690644748,0
2023-12-07 22:48:00+00:00,152.43,134.92,1.1297806107322859,0.00026939690671337846,4.7922878360791246e-05,4.7922878360791246e-05,1.1283242716284543,0
2023-12-07 22:49:00+00:00,152.43,134.92,1.1297806107322859,0.00026939690671337846,4.7922878360791246e-05,4.7922878360791246e-05,1.1283532383564499,0
2023-12-07 22:50:00+00:00,152.43,134.92,1.1297806107322859,0.0002636373570585196,4.7922878360791246e-05,4.7922878360791246e-05,1.1283838077670894,0
2023-12-07 22:51:00+00:00,152.43,134.92,1.1297806107322859,0.0002636373570585196,4.7922878360791246e-05,4.7922878360791246e-05,1.128414377177729,0
2023-12-07 22:52:00+00:00,152.43,134.92,1.1297806107322859,0.0002636373570585196,4.7922878360791246e-05,4.7922878360791246e-05,1.1284449465883688,0
2023-12-07 22:53:00+00:00,152.43,134.92,1.1297806107322859,0.0002636373570585196,4.7922878360791246e-05,4.7922878360791246e-05,1.1284813103131837,0
2023-12-07 22:54:00+00:00,152.43,134.92,1.1297806107322859,0.0002636373570585196,4.7922878360791246e-05,4.7922878360791246e-05,1.128517674037998,0
2023-12-07 22:55:00+00:00,152.43,134.92,1.1297806107322859,5.460353789831104e-05,4.7922878360791246e-05,4.7922878360791246e-05,1.128554037762813,0
2023-12-07 22:56:00+00:00,152.4293,134.92,1.1297754224725765,5.461143416514441e-05,4.795911039367482e-05,4.795911039367482e-05,1.1285842373236117,0
2023-12-07 22:57:00+00:00,152.43,134.92,1.1297806107322859,5.4610083610795744e-05,4.79380503924659e-05,4.79380503924659e-05,1.12861443688441,0
2023-12-07 22:58:00+00:00,152.43,134.92,1.1297806107322859,5.4610083610795744e-05,4.79380503924659e-05,4.79380503924659e-05,1.128644636445209,0
2023-12-07 22:59:00+00:00,152.4,134.92,1.1295582567447378,6.041305919096716e-05,6.089315359067972e-05,6.089315359067972e-05,1.1286736031732043,0
2023-12-07 23:00:00+00:00,152.39,134.92,1.1294841387488883,6.1004107361644756e-05,3.750261861564896e-05,3.750261861564896e-05,1.128707511100923,0
2023-12-07 23:01:00+00:00,152.39,134.92,1.1294841387488883,6.1004107361644756e-05,3.750261861564896e-05,3.750261861564896e-05,1.1287414190286418,0
2023-12-07 23:02:00+00:00,152.4191,134.92,1.12969982211681,6.585069594038754e-05,5.231767397867923e-05,5.231767397867923e-05,1.1287753269563605,0
2023-12-07 23:03:00+00:00,152.4191,134.92,1.12969982211681,5.5952131904312494e-05,5.231767397867923e-05,5.231767397867923e-05,1.1288092348840792,0
2023-12-07 23:04:00+00:00,152.4191,134.92,1.12969982211681,5.5952131904312494e-05,5.231767397867923e-05,5.231767397867923e-05,1.1288431428117982,0
2023-12-07 23:05:00+00:00,152.4191,134.92,1.12969982211681,5.5952131904312494e-05,5.231767397867923e-05,5.231767397867923e-05,1.1288770507395165,0
2023-12-07 23:06:00+00:00,152.4191,134.92,1.12969982211681,5.5952131904312494e-05,5.231767397867923e-05,5.231767397867923e-05,1.1289109586672352,0
2023-12-07 23:07:00+00:00,152.35,134.92,1.1291876667654908,8.158134249757268e-05,9.753812138057666e-05,9.753812138057666e-05,1.128944866594954,0
2023-12-07 23:08:00+00:00,152.35,134.92,1.1291876667654908,8.158134249757268e-05,9.753812138057666e-05,9.753812138057666e-05,1.128978774522673,0
2023-12-07 23:09:00+00:00,152.35,134.92,1.1291876667654908,8.158134249757268e-05,9.753812138057666e-05,9.753812138057666e-05,1.1290126824503917,0
2023-12-07 23:10:00+00:00,152.39,134.92,1.1294841387488883,8.8397548964081e-05,0.0001101283949072354,0.0001101283949072354,1.1290465903781104,0
2023-12-07 23:11:00+00:00,152.39,134.92,1.1294841387488883,8.8397548964081e-05,0.0001101283949072354,0.0001101283949072354,1.1290878953026484,0
2023-12-07 23:12:00+00:00,152.39,134.92,1.1294841387488883,8.8397548964081e-05,0.0001101283949072354,0.0001101283949072354,1.1291292002271862,0
2023-12-07 23:13:00+00:00,152.39,134.92,1.1294841387488883,8.8397548964081e-05,0.0001101283949072354,0.0001101283949072354,1.1291631081549052,0
2023-12-07 23:14:00+00:00,152.39,134.92,1.1294841387488883,8.8397548964081e-05,0.0001101283949072354,0.0001101283949072354,1.129197016082624,0
2023-12-07 23:15:00+00:00,152.39,134.92,1.1294841387488883,8.466390263177077e-05,0.0001101283949072354,0.0001101283949072354,1.1292309240103426,0
2023-12-07 23:16:00+00:00,152.39,134.92,1.1294841387488883,8.466390263177077e-05,0.0001101283949072354,0.0001101283949072354,1.1292648319380614,0
2023-12-07 23:17:00+00:00,152.39,134.92,1.1294841387488883,8.466390263177077e-05,0.0001101283949072354,0.0001101283949072354,1.12929873986578,0
2023-12-07 23:18:00+00:00,152.39,134.92,1.1294841387488883,8.466390263177077e-05,0.0001101283949072354,0.0001101283949072354,1.1293326477934988,0
2023-12-07 23:19:00+00:00,152.39,134.92,1.1294841387488883,8.466390263177077e-05,0.0001101283949072354,0.0001101283949072354,1.1293665557212174,0
2023-12-07 23:20:00+00:00,152.39,134.92,1.1294841387488883,8.466390263177077e-05,0.0001101283949072354,0.0001101283949072354,1.1294078606457556,0
2023-12-07 23:21:00+00:00,152.39,134.92,1.1294841387488883,8.466390263177077e-05,0.0001101283949072354,0.0001101283949072354,1.1294491655702934,0
2023-12-07 23:22:00+00:00,152.39,134.92,1.1294841387488883,8.466390263177077e-05,0.0001101283949072354,0.0001101283949072354,1.1294904704948316,0
2023-12-07 23:23:00+00:00,152.39,134.92,1.1294841387488883,8.466390263177077e-05,0.0001101283949072354,0.0001101283949072354,1.1295317754193697,0
2023-12-07 23:24:00+00:00,152.39,134.92,1.1294841387488883,8.466390263177077e-05,0.0001101283949072354,0.0001101283949072354,1.1295730803439075,0
2023-12-07 23:25:00+00:00,152.37,134.92,1.1293359027571896,8.634273202238862e-05,0.00011235339137700349,0.00011235339137700349,1.1295767862437,0
2023-12-07 23:26:00+00:00,152.37,134.92,1.1293359027571896,8.634273202238862e-05,0.00011236853397044591,0.00011236853397044591,1.1295804056724974,0
2023-12-07 23:27:00+00:00,152.39,134.92,1.1294841387488883,8.804507359806983e-05,0.00011539009047387335,0.00011539009047387335,1.1295841115722898,0
2023-12-07 23:28:00+00:00,152.39,134.92,1.1294841387488883,8.804507359806983e-05,0.00011539009047387335,0.00011539009047387335,1.1295878174720824,0
2023-12-07 23:29:00+00:00,152.39,134.92,1.1294841387488883,8.804507359806983e-05,0.00010978762074819044,0.00010978762074819044,1.1295878174720821,0
2023-12-07 23:30:00+00:00,152.39,135.19,1.1272283452918115,0.0002697188024643984,0.0003806171111630692,0.0003806171111630692,1.1295865821721516,0
2023-12-07 23:31:00+00:00,152.39,135.19,1.1272283452918115,0.0002697188024643984,0.0003806171111630692,0.0003806171111630692,1.1295853468722208,0
2023-12-07 23:32:00+00:00,152.39,135.19,1.1272283452918115,0.0002697188024643984,0.00037774781515766885,0.00037774781515766885,1.1295877062950885,0
2023-12-07 23:33:00+00:00,152.39,135.19,1.1272283452918115,0.0002697188024643984,0.00037774781515766885,0.00037774781515766885,1.1295950069176797,0
2023-12-07 23:34:00+00:00,152.39,135.19,1.1272283452918115,0.0002697188024643984,0.00037774781515766885,0.00037774781515766885,1.129602307540271,0
2023-12-07 23:35:00+00:00,152.39,135.19,1.1272283452918115,0.0002697188024643984,0.00037774781515766885,0.00037774781515766885,1.1296096081628622,0
2023-12-07 23:36:00+00:00,152.39,135.19,1.1272283452918115,0.0002697188024643984,0.00037774781515766885,0.00037774781515766885,1.1296169087854533,0
2023-12-07 23:37:00+00:00,152.39,135.19,1.1272283452918115,0.0002697188024643984,0.00037101238721712966,0.00037101238721712966,1.1296156734855223,0
2023-12-07 23:38:00+00:00,152.39,135.19,1.1272283452918115,0.0002697188024643984,0.00037101238721712966,0.00037101238721712966,1.1296144381855915,0
2023-12-07 23:39:00+00:00,152.45,135.19,1.127672165100969,0.0002753806653635742,0.0003799836604988344,0.0003799836604988344,1.129613202885661,0
2023-12-07 23:40:00+00:00,152.45,135.19,1.127672165100969,0.0002753806653635742,0.0003756620568761887,0.0003756620568761887,1.1296169087854533,0
2023-12-07 23:41:00+00:00,152.45,135.19,1.127672165100969,0.0002753806653635742,0.0003756620568761887,0.0003756620568761887,1.1296206146852457,0
2023-12-07 23:42:00+00:00,152.45,135.19,1.127672165100969,0.0002753806653635742,0.0003756620568761887,0.0003756620568761887,1.1296243205850383,0
2023-12-07 23:43:00+00:00,152.45,135.19,1.127672165100969,0.0002753806653635742,0.0003756620568761887,0.0003756620568761887,1.1296280264848306,0
2023-12-07 23:44:00+00:00,152.45,135.19,1.127672165100969,0.0002753806653635742,0.0003756620568761887,0.0003756620568761887,1.1296317323846232,0
2023-12-07 23:45:00+00:00,152.45,135.19,1.127672165100969,0.0002753806653635742,0.0003756620568761887,0.0003756620568761887,1.1296317323846232,0
2023-12-07 23:46:00+00:00,152.45,135.19,1.127672165100969,0.0002753806653635742,0.0003756620568761887,0.0003756620568761887,1.129631732384623,0
2023-12-07 23:47:00+00:00,152.45,135.19,1.127672165100969,0.0002753806653635742,0.0003756620568761887,0.0003756620568761887,1.1296317323846232,0
2023-12-07 23:48:00+00:00,152.45,135.19,1.127672165100969,0.0002753806653635742,0.0003756620568761887,0.0003756620568761887,1.1296317323846232,0
2023-12-07 23:49:00+00:00,152.45,135.19,1.127672165100969,0.0002753806653635742,0.0003756620568761887,0.0003756620568761887,1.129631732384623,0
2023-12-07 23:50:00+00:00,152.45,135.19,1.127672165100969,0.0002753806653635742,0.0003756620568761887,0.0003756620568761887,1.129631732384623,0
2023-12-07 23:51:00+00:00,152.44,135.19,1.127598195132776,0.00027538533121951135,0.0003755311120833287,0.0003755311120833287,1.1296317323846232,0
2023-12-07 23:52:00+00:00,152.44,135.19,1.127598195132776,0.00027538533121951135,0.0003755311120833287,0.0003755311120833287,1.129631732384623,0
2023-12-07 23:53:00+00:00,152.44,135.19,1.127598195132776,0.00027538533121951135,0.0003755311120833287,0.0003755311120833287,1.129631732384623,0
2023-12-07 23:54:00+00:00,152.44,135.19,1.127598195132776,0.00027538533121951135,0.0003755311120833287,0.0003755311120833287,1.1296317323846232,0
2023-12-07 23:55:00+00:00,152.44,135.19,1.127598195132776,0.00027538533121951135,0.0003753843748907072,0.0003753843748907072,1.1296292617847614,0
2023-12-07 23:56:00+00:00,152.44,135.19,1.127598195132776,0.0002753937690905878,0.0003753843748907072,0.0003753843748907072,1.1296267911848996,0
2023-12-07 23:57:00+00:00,152.44,135.19,1.127598195132776,0.0002753840332055526,0.0003739458468630636,0.0003739458468630636,1.1296267911848998,0
2023-12-07 23:58:00+00:00,152.44,135.19,1.127598195132776,0.0002753840332055526,0.0003739458468630636,0.0003739458468630636,1.1296267911848998,0
2023-12-07 23:59:00+00:00,152.44,135.19,1.127598195132776,0.0002745608308152893,0.0003739458468630636,0.0003739458468630636,1.1296267911848996,0
2023-12-08 00:00:00+00:00,152.44,135.19,1.127598195132776,0.000274542817639658,7.328131615874752e-05,7.328131615874752e-05,1.1295842534275584,
2023-12-08 00:01:00+00:00,152.44,135.19,1.127598195132776,0.000274542817639658,7.328131615874752e-05,7.328131615874752e-05,1.1295417156702172,
2023-12-08 00:02:00+00:00,152.44,135.19,1.127598195132776,0.00027306659086516444,7.328131615874752e-05,7.328131615874752e-05,1.129499177912876,
2023-12-08 00:03:00+00:00,152.44,135.19,1.127598195132776,0.00027306659086516444,7.328131615874752e-05,7.328131615874752e-05,1.1294566401555348,
2023-12-08 00:04:00+00:00,152.44,135.19,1.127598195132776,0.00027306659086516444,7.328131615874752e-05,7.328131615874752e-05,1.1294141023981934,
2023-12-08 00:05:00+00:00,152.44,135.19,1.127598195132776,0.00027306659086516444,7.328131615874752e-05,7.328131615874752e-05,1.1293715646408522,
2023-12-08 00:06:00+00:00,152.44,135.19,1.127598195132776,0.00027306659086516444,7.328131615874752e-05,7.328131615874752e-05,1.129329026883511,
2023-12-08 00:07:00+00:00,152.44,135.19,1.127598195132776,0.0002673950153993061,7.328131615874752e-05,7.328131615874752e-05,1.1292864891261698,
2023-12-08 00:08:00+00:00,152.44,135.19,1.127598195132776,0.0002673950153993061,7.328131615874752e-05,7.328131615874752e-05,1.1292439513688284,
2023-12-08 00:09:00+00:00,152.44,135.19,1.127598195132776,0.0002673950153993061,1.1976004318410035e-05,1.1976004318410035e-05,1.1292088106083067,
2023-12-08 00:10:00+00:00,152.44,135.19,1.127598195132776,0.00026477086806000593,1.1976004318410035e-05,1.1976004318410035e-05,1.1291736698477846,
2023-12-08 00:11:00+00:00,152.44,134.92,1.1298547287281353,0.00037247335698962976,0.000365973618703825,0.000365973618703825,1.1291385290872629,
2023-12-08 00:12:00+00:00,152.44,134.92,1.1298547287281353,0.00037247335698962976,0.000365973618703825,0.000365973618703825,1.129103388326741,
2023-12-08 00:13:00+00:00,152.44,134.92,1.1298547287281353,0.00037247335698962976,0.000365973618703825,0.000365973618703825,1.1290682475662188,
2023-12-08 00:14:00+00:00,152.44,134.92,1.1298547287281353,0.00037247335698962976,0.000365973618703825,0.000365973618703825,1.129033106805697,
2023-12-08 00:15:00+00:00,152.44,134.92,1.1298547287281353,0.00037247335698962976,0.000365973618703825,0.000365973618703825,1.128997966045175,
2023-12-08 00:16:00+00:00,152.45,134.92,1.1299288467239845,0.0003725531015518945,0.0003657707464918029,0.0003657707464918029,1.128962825284653,
2023-12-08 00:17:00+00:00,152.45,134.92,1.1299288467239845,0.0003725531015518945,0.0003657707464918029,0.0003657707464918029,1.1289276845241312,
2023-12-08 00:18:00+00:00,152.45,134.92,1.1299288467239845,0.0003725531015518945,0.0003657707464918029,0.0003657707464918029,1.128892543763609,
2023-12-08 00:19:00+00:00,152.45,134.92,1.1299288467239845,0.0003725531015518945,0.0003657707464918029,0.0003657707464918029,1.1288574030030873,
2023-12-08 00:20:00+00:00,152.45,134.91,1.1300126009932547,0.00037265363056334446,0.00036555489544766966,0.00036555489544766966,1.1288222622425652,
2023-12-08 00:21:00+00:00,152.45,134.91,1.1300126009932547,0.00037265363056334446,0.0003649165949040807,0.0003649165949040807,1.1287858886492401,
2023-12-08 00:22:00+00:00,152.45,134.91,1.1300126009932547,0.00037265363056334446,0.0003649165949040807,0.0003649165949040807,1.1287495150559148,
2023-12-08 00:23:00+00:00,152.45,134.91,1.1300126009932547,0.00037265363056334446,0.0003649165949040807,0.0003649165949040807,1.1287131414625897,
2023-12-08 00:24:00+00:00,152.45,134.91,1.1300126009932547,0.00037265363056334446,0.0003649165949040807,0.0003649165949040807,1.1286767678692646,
2023-12-08 00:25:00+00:00,152.45,134.91,1.1300126009932547,0.00037220818577702355,0.0003649165949040807,0.0003649165949040807,1.1286403942759395,
2023-12-08 00:26:00+00:00,152.45,134.91,1.1300126009932547,0.00037220818577702355,0.0003649165949040807,0.0003649165949040807,1.1286041071536095,
2023-12-08 00:27:00+00:00,152.45,134.91,1.1300126009932547,0.0003718692974504546,0.0003649165949040807,0.0003649165949040807,1.1285677335602844,
2023-12-08 00:28:00+00:00,152.45,135.0,1.1292592592592592,0.0003819318047923693,0.00038892161495167094,0.00038892161495167094,1.128531359966959,
